# mix abord & cn & email & phone & admin top & iot 

_apt
!root
'or 1=1--
'or''='
'or'='or'
$ALOC$
$system
0
0@1.com
0@126.com
0@163.com
0@163.net
0@dingtalk.com
0@gmail.com
0@hotmail.com
0@mail.com
0@qq.com
0@test.com
0@yahoo.com
0000
0001
0001@1.com
0001@126.com
0001@163.com
0001@163.net
0001@dingtalk.com
0001@gmail.com
0001@hotmail.com
0001@mail.com
0001@qq.com
0001@test.com
0001@yahoo.com
001
001guest
01
02
03
09876372834
0admin
0manager
1
1.1
1@1.com
1@126.com
1@163.com
1@163.net
1@dingtalk.com
1@gmail.com
1@hotmail.com
1@mail.com
1@qq.com
1@test.com
1@yahoo.com
10
10000000000
1001
1001@1.com
1001@126.com
1001@163.com
1001@163.net
1001@dingtalk.com
1001@gmail.com
1001@hotmail.com
1001@mail.com
1001@qq.com
1001@test.com
1001@yahoo.com
11
11@1.com
11@126.com
11@163.com
11@163.net
11@dingtalk.com
11@gmail.com
11@hotmail.com
11@mail.com
11@qq.com
11@test.com
11@yahoo.com
111
111@1.com
111@126.com
111@163.com
111@163.net
111@dingtalk.com
111@gmail.com
111@hotmail.com
111@mail.com
111@qq.com
111@test.com
111@yahoo.com
11111111
11111111111
11111122223
12
12222222222
123
123123
123123@1.com
123123@126.com
123123@163.com
123123@163.net
123123@dingtalk.com
123123@gmail.com
123123@hotmail.com
123123@mail.com
123123@qq.com
123123@test.com
123123@yahoo.com
12345
12345@1.com
12345@126.com
12345@163.com
12345@163.net
12345@dingtalk.com
12345@gmail.com
12345@hotmail.com
12345@mail.com
12345@qq.com
12345@test.com
12345@yahoo.com
123abc
13
13000000000
13000000001
13000000002
13000000003
13000000004
13000000005
13000000006
13000000007
13000000008
13000001111
13000002222
13000003333
13000004444
13000005555
13000006666
13000007777
13000008888
13000009999
13011110000
13011111111
13011112222
13011113333
13011114444
13011115555
13011116666
13011117777
13011118888
13011119999
13022220000
13022221111
13022222222
13022223333
13022224444
13022225555
13022226666
13022227777
13022228888
13022229999
13033330000
13033331111
13033332222
13033333333
13033334444
13033335555
13033336666
13033337777
13033338888
13033339999
13044440000
13044441111
13044442222
13044443333
13044444444
13044445555
13044446666
13044447777
13044448888
13044449999
13052335032
13055550000
13055551111
13055552222
13055553333
13055554444
13055555555
13055556666
13055557777
13055558888
13055559999
13066660000
13066661111
13066662222
13066663333
13066664444
13066665555
13066666666
13066667777
13066668888
13066669999
13077770000
13077771111
13077772222
13077773333
13077774444
13077775555
13077776666
13077777777
13077778888
13077779999
13088880000
13088881111
13088882222
13088883333
13088884444
13088885555
13088886666
13088887777
13088888888
13088889999
13099990000
13099991111
13099992222
13099993333
13099994444
13099995555
13099996666
13099997777
13099998888
13099999999
13100000000
13100000001
13100001111
13100002222
13100003333
13100004444
13100005555
13100006666
13100007777
13100008888
13100009999
13111110000
13111111111
13111112222
13111113333
13111114444
13111115555
13111116666
13111117777
13111118888
13111119999
13122220000
13122221111
13122222222
13122223333
13122224444
13122225555
13122226666
13122227777
13122228888
13122229999
13123456780
13123456781
13123456782
13123456783
13123456784
13123456785
13123456786
13123456787
13123456788
13123456789
13133330000
13133331111
13133332222
13133333333
13133334444
13133335555
13133336666
13133337777
13133338888
13133339999
13144440000
13144441111
13144442222
13144443333
13144444444
13144445555
13144446666
13144447777
13144448888
13144449999
13155550000
13155551111
13155552222
13155553333
13155554444
13155555555
13155556666
13155557777
13155558888
13155559999
13166660000
13166661111
13166662222
13166663333
13166664444
13166665555
13166666666
13166667777
13166668888
13166669999
13177770000
13177771111
13177772222
13177773333
13177774444
13177775555
13177776666
13177777777
131777777777
13177778888
13177779999
13188880000
13188881111
13188882222
13188883333
13188884444
13188885555
13188886666
13188887777
13188888888
13188889999
13191736808
13191736809
13191736842
13191786842
13199990000
13199991111
13199992222
13199993333
13199994444
13199995555
13199996666
13199997777
13199998888
13199999999
13200000000
13200000001
13200001111
13200002222
13200003333
13200004444
13200005555
13200006666
13200007777
13200008888
13200009999
13211110000
13211111111
13211112222
13211113333
13211114444
13211115555
13211116666
13211117777
13211118888
13211119999
13222220000
13222221111
13222222222
13222223333
13222224444
13222225555
13222226666
13222227777
13222228888
13222229999
13233330000
13233331111
13233332222
13233333333
13233334444
13233335555
13233336666
13233337777
13233338888
13233339999
13244440000
13244441111
13244442222
13244443333
13244444444
13244445555
13244446666
13244447777
13244448888
13244449999
13245678900
13255550000
13255551111
13255552222
13255553333
13255554444
13255555555
13255556666
13255557777
13255558888
13255559999
13266660000
13266661111
13266662222
13266663333
13266664444
13266665555
13266666666
13266667777
13266668888
13266669999
13277770000
13277771111
13277772222
13277773333
13277774444
13277775555
13277776666
13277777777
13277778888
13277779999
13288880000
13288881111
13288882222
13288883333
13288884444
13288885555
13288886666
13288887777
13288888888
13288889999
13299990000
13299991111
13299992222
13299993333
13299994444
13299995555
13299996666
13299997777
13299998888
13299999999
13300000000
13300000001
13300001111
13300002222
13300003333
13300004444
13300005555
13300006666
13300007777
13300008888
13300009999
13311110000
13311111111
13311112222
13311113333
13311114444
13311115555
13311116666
13311117777
13311118888
13311119999
13322220000
13322221111
13322222222
13322223333
13322224444
13322225555
13322226666
13322227777
13322228888
13322229999
13333330000
13333331111
13333332222
13333333333
13333334444
13333335555
13333336666
13333337777
13333338888
13333339999
13344440000
13344441111
13344442222
13344443333
13344444444
13344445555
13344446666
13344447777
13344448888
13344449999
13355550000
13355551111
13355552222
13355553333
13355554444
13355555555
13355556666
13355557777
13355558888
13355559999
13366660000
13366661111
13366662222
13366663333
13366664444
13366665555
13366666666
13366667777
13366668888
13366669999
13377770000
13377771111
13377772222
13377773333
13377774444
13377775555
13377776666
13377777777
13377778888
13377779999
13388880000
13388881111
13388882222
13388883333
13388884444
13388885555
13388886666
13388887777
13388888888
13388889999
13399990000
13399991111
13399992222
13399993333
13399994444
13399995555
13399996666
13399997777
13399998888
13399999999
13400000000
13400000001
13400001111
13400002222
13400003333
13400004444
13400005555
13400006666
13400007777
13400008888
13400009999
13411110000
13411111111
13411112222
13411113333
13411114444
13411115555
13411116666
13411117777
13411118888
13411119999
13422220000
13422221111
13422222222
13422223333
13422224444
13422225555
13422226666
13422227777
13422228888
13422229999
13433330000
13433331111
13433332222
13433333333
13433334444
13433335555
13433336666
13433337777
13433338888
13433339999
13444440000
13444441111
13444442222
13444443333
13444444444
13444445555
13444446666
13444447777
13444448888
13444449999
13455550000
13455551111
13455552222
13455553333
13455554444
13455555555
13455556666
13455557777
13455558888
13455559999
13456522512
13466660000
13466661111
13466662222
13466663333
13466664444
13466665555
13466666666
13466667777
13466668888
13466669999
13477770000
13477771111
13477772222
13477773333
13477774444
13477775555
13477776666
13477777777
13477778888
13477779999
13488880000
13488881111
13488882222
13488883333
13488884444
13488885555
13488886666
13488887777
13488888888
13488889999
13499990000
13499991111
13499992222
13499993333
13499994444
13499995555
13499996666
13499997777
13499998888
13499999999
13500000000
13500000001
13500001111
13500002222
13500003333
13500004444
13500005555
13500006666
13500007777
13500008888
13500009999
13506759751
13511110000
13511111111
13511112222
13511113333
13511114444
13511115555
13511116666
13511117777
13511118888
13511119999
13522220000
13522221111
13522222222
13522223333
13522224444
13522225555
13522226666
13522227777
13522228888
13522229999
13533330000
13533331111
13533332222
13533333333
13533334444
13533335555
13533336666
13533337777
13533338888
13533339999
13544440000
13544441111
13544442222
13544443333
13544444444
13544445555
13544446666
13544447777
13544448888
13544449999
13555550000
13555551111
13555552222
13555553333
13555554444
13555555555
13555556666
13555557777
13555558888
13555559999
13560003951
13566660000
13566661111
13566662222
13566663333
13566664444
13566665555
13566666666
13566667777
13566668888
13566669999
13575536692
13577770000
13577771111
13577772222
13577773333
13577774444
13577775555
13577776666
13577777777
13577778888
13577779999
13587351665
13587363399
13588880000
13588881111
13588882222
13588883333
13588884444
13588885555
13588886666
13588887777
13588888888
13588889999
13599990000
13599991111
13599992222
13599993333
13599994444
13599995555
13599996666
13599997777
13599998888
13599999999
13600000000
13600001111
13600002222
13600003333
13600004444
13600005555
13600006666
13600007777
13600008888
13600009999
13601628659
13605857883
13611110000
13611111111
13611112222
13611113333
13611114444
13611115555
13611116666
13611117777
13611118888
13611119999
13622220000
13622221111
13622222222
13622223333
13622224444
13622225555
13622226666
13622227777
13622228888
13622229999
13633330000
13633331111
13633332222
13633333333
13633334444
13633335555
13633336666
13633337777
13633338888
13633339999
13636666663
13644440000
13644441111
13644442222
13644443333
13644444444
13644445555
13644446666
13644447777
13644448888
13644449999
13655550000
13655551111
13655552222
13655553333
13655554444
13655555555
13655556666
13655557777
13655558888
13655559999
13655855000
13666660000
13666661111
13666662222
13666663333
13666664444
13666665555
13666666666
13666667777
13666668888
13666669999
13677770000
13677771111
13677772222
13677773333
13677774444
13677775555
13677776666
13677777777
13677778888
13677779999
13688880000
13688881111
13688882222
13688883333
13688884444
13688885555
13688886666
13688887777
13688888888
13688889999
13699990000
13699991111
13699992222
13699993333
13699994444
13699995555
13699996666
13699997777
13699998888
13699999999
13700000000
13700000001
13700001111
13700002222
13700003333
13700004444
13700005555
13700006666
13700007777
13700008888
13700009999
13711110000
13711111111
13711112222
13711113333
13711114444
13711115555
13711116666
13711117777
13711118888
13711119999
13722220000
13722221111
13722222222
13722223333
13722224444
13722225555
13722226666
13722227777
13722228888
13722229999
13733330000
13733331111
13733332222
13733333333
13733334444
13733335555
13733336666
13733337777
13733338888
13733339999
13744440000
13744441111
13744442222
13744443333
13744444444
13744445555
13744446666
13744447777
13744448888
13744449999
13754359224
13755550000
13755551111
13755552222
13755553333
13755554444
13755555555
13755556666
13755557777
13755558888
13755559999
13758530332
13758596259
13766660000
13766661111
13766662222
13766663333
13766664444
13766665555
13766666666
13766667777
13766668888
13766669999
13777770000
13777771111
13777772222
13777773333
13777774444
13777775555
13777776666
13777777777
13777778888
13777779999
13788880000
13788881111
13788882222
13788883333
13788884444
13788885555
13788886666
13788887777
13788888888
13788889999
13799990000
13799991111
13799992222
13799993333
13799994444
13799995555
13799996666
13799997777
13799998888
13799999999
13800000000
13800000001
13800000002
13800000003
13800001111
13800002222
13800003333
13800004444
13800005555
13800006666
13800007777
13800008888
13800009999
13810535629
13811110000
13811111111
13811112222
13811113333
13811114444
13811115555
13811116666
13811117777
13811118888
13811119999
13817251230
13819556729
13822220000
13822221111
13822222222
13822223333
13822224444
13822225555
13822226666
13822227777
13822228888
13822229999
13823276690
13833330000
13833331111
13833332222
13833333333
13833334444
13833335555
13833336666
13833337777
13833338888
13833339999
13837113196
13844440000
13844441111
13844442222
13844443333
13844444444
13844445555
13844446666
13844447777
13844448888
13844449999
13855550000
13855551111
13855552222
13855553333
13855554444
13855555555
13855556666
13855557777
13855558888
13855559999
13857546150
13858406939
13858568479
13858579005
13866660000
13866661111
13866662222
13866663333
13866664444
13866665555
13866666666
13866667777
13866668888
13866669999
13867572501
13877770000
13877771111
13877772222
13877773333
13877774444
13877775555
13877776666
13877777777
13877778888
13877779999
13888880000
13888881111
13888882222
13888883333
13888884444
13888885555
13888886666
13888887777
13888888880
13888888888
13888889999
13899990000
13899991111
13899992222
13899993333
13899994444
13899995555
13899996666
13899997777
13899998888
13899999999
13900000000
13900000001
13900000002
13900000003
13900000004
13900000005
13900000006
13900001111
13900002222
13900003333
13900004444
13900005555
13900006666
13900007777
13900008888
13900009999
13911110000
13911111111
13911112222
13911113333
13911114444
13911115555
13911116666
13911117777
13911118888
13911119999
13922220000
13922221111
13922222222
13922223333
13922224444
13922225555
13922226666
13922227777
13922228888
13922229999
13928966002
13933330000
13933331111
13933332222
13933333333
13933334444
13933335555
13933336666
13933337777
13933338888
13933339999
13944440000
13944441111
13944442222
13944443333
13944444444
13944445555
13944446666
13944447777
13944448888
13944449999
13955550000
13955551111
13955552222
13955553333
13955554444
13955555555
13955556666
13955557777
13955558888
13955559999
13966660000
13966661111
13966662222
13966663333
13966664444
13966665555
13966666666
13966667777
13966668888
13966669999
13967501898
13967509919
13977770000
13977771111
13977772222
13977773333
13977774444
13977775555
13977776666
13977777777
13977778888
13977779999
13988880000
13988881111
13988882222
13988883333
13988884444
13988885555
13988886666
13988887777
13988888888
13988889999
13999990000
13999991111
13999992222
13999993333
13999994444
13999995555
13999996666
13999997777
13999998888
13999999999
14
14356784561
14444444444
14500000000
14500001111
14500002222
14500003333
14500004444
14500005555
14500006666
14500007777
14500008888
14500009999
14511110000
14511111111
14511112222
14511113333
14511114444
14511115555
14511116666
14511117777
14511118888
14511119999
14522220000
14522221111
14522222222
14522223333
14522224444
14522225555
14522226666
14522227777
14522228888
14522229999
14533330000
14533331111
14533332222
14533333333
14533334444
14533335555
14533336666
14533337777
14533338888
14533339999
14544440000
14544441111
14544442222
14544443333
14544444444
14544445555
14544446666
14544447777
14544448888
14544449999
14555550000
14555551111
14555552222
14555553333
14555554444
14555555555
14555556666
14555557777
14555558888
14555559999
14566660000
14566661111
14566662222
14566663333
14566664444
14566665555
14566666666
14566667777
14566668888
14566669999
14577770000
14577771111
14577772222
14577773333
14577774444
14577775555
14577776666
14577777777
14577778888
14577779999
14588880000
14588881111
14588882222
14588883333
14588884444
14588885555
14588886666
14588887777
14588888888
14588889999
14599990000
14599991111
14599992222
14599993333
14599994444
14599995555
14599996666
14599997777
14599998888
14599999999
14700000000
14700001111
14700002222
14700003333
14700004444
14700005555
14700006666
14700007777
14700008888
14700009999
14711110000
14711111111
14711112222
14711113333
14711114444
14711115555
14711116666
14711117777
14711118888
14711119999
14722220000
14722221111
14722222222
14722223333
14722224444
14722225555
14722226666
14722227777
14722228888
14722229999
14733330000
14733331111
14733332222
14733333333
14733334444
14733335555
14733336666
14733337777
14733338888
14733339999
14744440000
14744441111
14744442222
14744443333
14744444444
14744445555
14744446666
14744447777
14744448888
14744449999
14755550000
14755551111
14755552222
14755553333
14755554444
14755555555
14755556666
14755557777
14755558888
14755559999
14766660000
14766661111
14766662222
14766663333
14766664444
14766665555
14766666666
14766667777
14766668888
14766669999
14777770000
14777771111
14777772222
14777773333
14777774444
14777775555
14777776666
14777777777
14777778888
14777779999
14788880000
14788881111
14788882222
14788883333
14788884444
14788885555
14788886666
14788887777
14788888888
14788889999
14799990000
14799991111
14799992222
14799993333
14799994444
14799995555
14799996666
14799997777
14799998888
14799999999
14900000000
14900001111
14900002222
14900003333
14900004444
14900005555
14900006666
14900007777
14900008888
14900009999
14911110000
14911111111
14911112222
14911113333
14911114444
14911115555
14911116666
14911117777
14911118888
14911119999
14922220000
14922221111
14922222222
14922223333
14922224444
14922225555
14922226666
14922227777
14922228888
14922229999
14933330000
14933331111
14933332222
14933333333
14933334444
14933335555
14933336666
14933337777
14933338888
14933339999
14944440000
14944441111
14944442222
14944443333
14944444444
14944445555
14944446666
14944447777
14944448888
14944449999
14955550000
14955551111
14955552222
14955553333
14955554444
14955555555
14955556666
14955557777
14955558888
14955559999
14966660000
14966661111
14966662222
14966663333
14966664444
14966665555
14966666666
14966667777
14966668888
14966669999
14977770000
14977771111
14977772222
14977773333
14977774444
14977775555
14977776666
14977777777
14977778888
14977779999
14988880000
14988881111
14988882222
14988883333
14988884444
14988885555
14988886666
14988887777
14988888888
14988889999
14999990000
14999991111
14999992222
14999993333
14999994444
14999995555
14999996666
14999997777
14999998888
14999999999
15
15000000000
15000000001
15000001111
15000002222
15000003333
15000004444
15000005555
15000006666
15000007777
15000008888
15000009999
15011110000
15011111111
15011112222
15011113333
15011114444
15011115555
15011116666
15011117777
15011118888
15011119999
15022220000
15022221111
15022222222
15022223333
15022224444
15022225555
15022226666
15022227777
15022228888
15022229999
15033330000
15033331111
15033332222
15033333333
15033334444
15033335555
15033336666
15033337777
15033338888
15033339999
15044440000
15044441111
15044442222
15044443333
15044444444
15044445555
15044446666
15044447777
15044448888
15044449999
15055550000
15055551111
15055552222
15055553333
15055554444
15055555555
15055556666
15055557777
15055558888
15055559999
15066660000
15066661111
15066662222
15066663333
15066664444
15066665555
15066666666
15066667777
15066668888
15066669999
15068975899
15077770000
15077771111
15077772222
15077773333
15077774444
15077775555
15077776666
15077777777
15077778888
15077779999
15088880000
15088881111
15088882222
15088883333
15088884444
15088885555
15088886666
15088887777
15088888888
15088889999
15099990000
15099991111
15099992222
15099993333
15099994444
15099995555
15099996666
15099997777
15099998888
15099999999
15100000000
15100000001
15100001111
15100002222
15100003333
15100004444
15100005555
15100006666
15100007777
15100008888
15100009999
15111110000
15111111111
15111112222
15111113333
15111114444
15111115555
15111116666
15111117777
15111118888
15111119999
15122220000
15122221111
15122222222
15122223333
15122224444
15122225555
15122226666
15122227777
15122228888
15122229999
15133330000
15133331111
15133332222
15133333333
15133334444
15133335555
15133336666
15133337777
15133338888
15133339999
15144440000
15144441111
15144442222
15144443333
15144444444
15144445555
15144446666
15144447777
15144448888
15144449999
15151000000
15155550000
15155551111
15155552222
15155553333
15155554444
15155555555
15155556666
15155557777
15155558888
15155559999
15166660000
15166661111
15166662222
15166663333
15166664444
15166665555
15166666666
15166667777
15166668888
15166669999
15169104321
15177770000
15177771111
15177772222
15177773333
15177774444
15177775555
15177776666
15177777777
15177778888
15177779999
15188880000
15188881111
15188882222
15188883333
15188884444
15188885555
15188886666
15188887777
15188888888
15188889999
15199990000
15199991111
15199992222
15199993333
15199994444
15199995555
15199996666
15199997777
15199998888
15199999999
15200000000
15200000001
15200001111
15200002222
15200003333
15200004444
15200005555
15200006666
15200007777
15200008888
15200009999
15201430355
15210998751
15211110000
15211111111
15211112222
15211113333
15211114444
15211115555
15211116666
15211117777
15211118888
15211119999
15215918195
15222220000
15222221111
15222222222
15222223333
15222224444
15222225555
15222226666
15222227777
15222228888
15222229999
15233330000
15233331111
15233332222
15233333333
15233334444
15233335555
15233336666
15233337777
15233338888
15233339999
15244440000
15244441111
15244442222
15244443333
15244444444
15244445555
15244446666
15244447777
15244448888
15244449999
15255550000
15255551111
15255552222
15255553333
15255554444
15255555555
15255556666
15255557777
15255558888
15255559999
15266660000
15266661111
15266662222
15266663333
15266664444
15266665555
15266666666
15266667777
15266668888
15266669999
15277770000
15277771111
15277772222
15277773333
15277774444
15277775555
15277776666
15277777777
15277778888
15277779999
15288880000
15288881111
15288882222
15288883333
15288884444
15288885555
15288886666
15288887777
15288888888
15288889999
15299990000
15299991111
15299992222
15299993333
15299994444
15299995555
15299996666
15299997777
15299998888
15299999999
15300000000
15300000001
15300001111
15300002222
15300003333
15300004444
15300005555
15300006666
15300007777
15300008888
15300009999
15306810803
15311110000
15311111111
15311112222
15311113333
15311114444
15311115555
15311116666
15311117777
15311118888
15311119999
15322220000
15322221111
15322222222
15322223333
15322224444
15322225555
15322226666
15322227777
15322228888
15322229999
15333330000
15333331111
15333332222
15333333333
15333334444
15333335555
15333336666
15333337777
15333338888
15333339999
15344440000
15344441111
15344442222
15344443333
15344444444
15344445555
15344446666
15344447777
15344448888
15344449999
15355550000
15355551111
15355552222
15355553333
15355554444
15355555555
15355556666
15355557777
15355558888
15355559999
15366660000
15366661111
15366662222
15366663333
15366664444
15366665555
15366666666
15366667777
15366668888
15366669999
15377770000
15377771111
15377772222
15377773333
15377774444
15377775555
15377776666
15377777777
15377778888
15377779999
15388880000
15388881111
15388882222
15388883333
15388884444
15388885555
15388886666
15388887777
15388888888
15388889999
15399990000
15399991111
15399992222
15399993333
15399994444
15399995555
15399996666
15399997777
15399998888
15399999999
15400000000
15400000001
15411111111
15488888888
15500000000
15500000001
15500001111
15500002222
15500003333
15500004444
15500005555
15500006666
15500007777
15500008888
15500009999
15511110000
15511111111
15511112222
15511113333
15511114444
15511115555
15511116666
15511117777
15511118888
15511119999
15522220000
15522221111
15522222222
15522223333
15522224444
15522225555
15522226666
15522227777
15522228888
15522229999
15533330000
15533331111
15533332222
15533333333
15533334444
15533335555
15533336666
15533337777
15533338888
15533339999
15544440000
15544441111
15544442222
15544443333
15544444444
15544445555
15544446666
15544447777
15544448888
15544449999
15555550000
15555551111
15555552222
15555553333
15555554444
15555555555
15555556666
15555557777
15555558888
15555559999
15566660000
15566661111
15566662222
15566663333
15566664444
15566665555
15566666666
15566667777
15566668888
15566669999
15577770000
15577771111
15577772222
15577773333
15577774444
15577775555
15577776666
15577777777
15577778888
15577779999
15588880000
15588881111
15588882222
15588883333
15588884444
15588885555
15588886666
15588887777
15588888888
15588889999
15599990000
15599991111
15599992222
15599993333
15599994444
15599995555
15599996666
15599997777
15599998888
15599999999
15600000000
15600001111
15600002222
15600003333
15600004444
15600005555
15600006666
15600007777
15600008888
15600009999
15601430355
15611110000
15611111111
15611112222
15611113333
15611114444
15611115555
15611116666
15611117777
15611118888
15611119999
15622220000
15622221111
15622222222
15622223333
15622224444
15622225555
15622226666
15622227777
15622228888
15622229999
15633330000
15633331111
15633332222
15633333333
15633334444
15633335555
15633336666
15633337777
15633338888
15633339999
15644440000
15644441111
15644442222
15644443333
15644444444
15644445555
15644446666
15644447777
15644448888
15644449999
15655550000
15655551111
15655552222
15655553333
15655554444
15655555555
15655556666
15655557777
15655558888
15655559999
15666660000
15666661111
15666662222
15666663333
15666664444
15666665555
15666666666
15666667777
15666668888
15666669999
15677770000
15677771111
15677772222
15677773333
15677774444
15677775555
15677776666
15677777777
15677778888
15677779999
15688880000
15688881111
15688882222
15688883333
15688884444
15688885555
15688886666
15688887777
15688888888
15688889999
15699990000
15699991111
15699992222
15699993333
15699994444
15699995555
15699996666
15699997777
15699998888
15699999999
15700000000
15700000001
15700000002
15700001111
15700002222
15700003333
15700004444
15700005555
15700006666
15700007777
15700008888
15700009999
15711110000
15711111111
15711112222
15711113333
15711114444
15711115555
15711116666
15711117777
15711118888
15711119999
15722220000
15722221111
15722222222
15722223333
15722224444
15722225555
15722226666
15722227777
15722228888
15722229999
15733330000
15733331111
15733332222
15733333333
15733334444
15733335555
15733336666
15733337777
15733338888
15733339999
15744440000
15744441111
15744442222
15744443333
15744444444
15744445555
15744446666
15744447777
15744448888
15744449999
15755550000
15755551111
15755552222
15755553333
15755554444
15755555555
15755556666
15755557777
15755558888
15755559999
15757180180
15757180210
15766660000
15766661111
15766662222
15766663333
15766664444
15766665555
15766666666
15766667777
15766668888
15766669999
15777770000
15777771111
15777772222
15777773333
15777774444
15777775555
15777776666
15777777777
15777778888
15777779999
15788880000
15788881111
15788882222
15788883333
15788884444
15788885555
15788886666
15788887777
15788888888
15788889999
15799990000
15799991111
15799992222
15799993333
15799994444
15799995555
15799996666
15799997777
15799998888
15799999999
15800000000
15800000001
15800001111
15800002222
15800003333
15800004444
15800005555
15800006666
15800007777
15800008888
15800009999
15811110000
15811111111
15811112222
15811113333
15811114444
15811115555
15811116666
15811117777
15811118888
15811119999
15821095747
15822220000
15822221111
15822222222
15822223333
15822224444
15822225555
15822226666
15822227777
15822228888
15822229999
15833330000
15833331111
15833332222
15833333333
15833334444
15833335555
15833336666
15833337777
15833338888
15833339999
15844440000
15844441111
15844442222
15844443333
15844444444
15844445555
15844446666
15844447777
15844448888
15844449999
15855550000
15855551111
15855552222
15855553333
15855554444
15855555555
15855556666
15855557777
15855558888
15855559999
15866660000
15866661111
15866662222
15866663333
15866664444
15866665555
15866666666
15866667777
15866668888
15866669999
15877770000
15877771111
15877772222
15877773333
15877774444
15877775555
15877776666
15877777777
15877778888
15877779999
15888880000
15888881111
15888882222
15888883333
15888884444
15888885555
15888886666
15888887777
15888888880
15888888888
15888889999
15899990000
15899991111
15899992222
15899993333
15899994444
15899995555
15899996666
15899997777
15899998888
15899999999
15900000000
15900000001
15900001111
15900002222
15900003333
15900004444
15900005555
15900006666
15900007777
15900008888
15900009999
15911110000
15911111111
15911112222
15911113333
15911114444
15911115555
15911116666
15911117777
15911118888
15911119999
15922220000
15922221111
15922222222
15922223333
15922224444
15922225555
15922226666
15922227777
15922228888
15922229999
15933330000
15933331111
15933332222
15933333333
15933334444
15933335555
15933336666
15933337777
15933338888
15933339999
15944440000
15944441111
15944442222
15944443333
15944444444
15944445555
15944446666
15944447777
15944448888
15944449999
15955550000
15955551111
15955552222
15955553333
15955554444
15955555555
15955556666
15955557777
15955558888
15955559999
15966660000
15966661111
15966662222
15966663333
15966664444
15966665555
15966666666
15966667777
15966668888
15966669999
15977770000
15977771111
15977772222
15977773333
15977774444
15977775555
15977776666
15977777777
15977778888
15977779999
15988296468
15988880000
15988881111
15988882222
15988883333
15988884444
15988885555
15988886666
15988887777
15988888888
15988889999
15999990000
15999991111
15999992222
15999993333
15999994444
15999995555
15999996666
15999997777
15999998888
15999999999
16
16543245875
16602150057
16609867547
16636372633
16666666666
1688
17
17000000000
17011111111
17022222222
17033333333
17044444444
17055555555
17066666666
17077777777
17088888888
17099999999
17300000000
17311111111
17322222222
17333333333
17344444444
17355555555
17366666666
17377777777
17388888888
17399999999
17500000000
17500001111
17500002222
17500003333
17500004444
17500005555
17500006666
17500007777
17500008888
17500009999
17511110000
17511111111
17511112222
17511113333
17511114444
17511115555
17511116666
17511117777
17511118888
17511119999
17522220000
17522221111
17522222222
17522223333
17522224444
17522225555
17522226666
17522227777
17522228888
17522229999
17533330000
17533331111
17533332222
17533333333
17533334444
17533335555
17533336666
17533337777
17533338888
17533339999
17544440000
17544441111
17544442222
17544443333
17544444444
17544445555
17544446666
17544447777
17544448888
17544449999
17555550000
17555551111
17555552222
17555553333
17555554444
17555555555
17555556666
17555557777
17555558888
17555559999
17566660000
17566661111
17566662222
17566663333
17566664444
17566665555
17566666666
17566667777
17566668888
17566669999
17577770000
17577771111
17577772222
17577773333
17577774444
17577775555
17577776666
17577777777
17577778888
17577779999
17588880000
17588881111
17588882222
17588883333
17588884444
17588885555
17588886666
17588887777
17588888888
17588889999
17599990000
17599991111
17599992222
17599993333
17599994444
17599995555
17599996666
17599997777
17599998888
17599999999
17600000000
17600001111
17600002222
17600003333
17600004444
17600005555
17600006666
17600007777
17600008888
17600009999
17611110000
17611111111
17611112222
17611113333
17611114444
17611115555
17611116666
17611117777
17611118888
17611119999
17622220000
17622221111
17622222222
17622223333
17622224444
17622225555
17622226666
17622227777
17622228888
17622229999
17633330000
17633331111
17633332222
17633333333
17633334444
17633335555
17633336666
17633337777
17633338888
17633339999
17644440000
17644441111
17644442222
17644443333
17644444444
17644445555
17644446666
17644447777
17644448888
17644449999
17655550000
17655551111
17655552222
17655553333
17655554444
17655555555
17655556666
17655557777
17655558888
17655559999
17666660000
17666661111
17666662222
17666663333
17666664444
17666665555
17666666666
17666667777
17666668888
17666669999
17677770000
17677771111
17677772222
17677773333
17677774444
17677775555
17677776666
17677777777
17677778888
17677779999
17688880000
17688881111
17688882222
17688883333
17688884444
17688885555
17688886666
17688887777
17688888888
17688889999
17699990000
17699991111
17699992222
17699993333
17699994444
17699995555
17699996666
17699997777
17699998888
17699999999
17700000000
17700001111
17700002222
17700003333
17700004444
17700005555
17700006666
17700007777
17700008888
17700009999
17711110000
17711111111
17711112222
17711113333
17711114444
17711115555
17711116666
17711117777
17711118888
17711119999
17722220000
17722221111
17722222222
17722223333
17722224444
17722225555
17722226666
17722227777
17722228888
17722229999
17733330000
17733331111
17733332222
17733333333
17733334444
17733335555
17733336666
17733337777
17733338888
17733339999
17744440000
17744441111
17744442222
17744443333
17744444444
17744445555
17744446666
17744447777
17744448888
17744449999
17755550000
17755551111
17755552222
17755553333
17755554444
17755555555
17755556666
17755557777
17755558888
17755559999
17766660000
17766661111
17766662222
17766663333
17766664444
17766665555
17766666666
17766667777
17766668888
17766669999
17777770000
17777771111
17777772222
17777773333
17777774444
17777775555
17777776666
17777777777
17777778888
17777779999
17788880000
17788881111
17788882222
17788883333
17788884444
17788885555
17788886666
17788887777
17788888888
17788889999
17799990000
17799991111
17799992222
17799993333
17799994444
17799995555
17799996666
17799997777
17799998888
17799999999
17800000000
17800001111
17800002222
17800003333
17800004444
17800005555
17800006666
17800007777
17800008888
17800009999
17811110000
17811111111
17811112222
17811113333
17811114444
17811115555
17811116666
17811117777
17811118888
17811119999
17822220000
17822221111
17822222222
17822223333
17822224444
17822225555
17822226666
17822227777
17822228888
17822229999
17833330000
17833331111
17833332222
17833333333
17833334444
17833335555
17833336666
17833337777
17833338888
17833339999
17844440000
17844441111
17844442222
17844443333
17844444444
17844445555
17844446666
17844447777
17844448888
17844449999
17855550000
17855551111
17855552222
17855553333
17855554444
17855555555
17855556666
17855557777
17855558888
17855559999
17866660000
17866661111
17866662222
17866663333
17866664444
17866665555
17866666666
17866667777
17866668888
17866669999
17877770000
17877771111
17877772222
17877773333
17877774444
17877775555
17877776666
17877777777
17877778888
17877779999
17888880000
17888881111
17888882222
17888883333
17888884444
17888885555
17888886666
17888887777
17888888888
17888889999
17899990000
17899991111
17899992222
17899993333
17899994444
17899995555
17899996666
17899997777
17899998888
17899999999
18
18000000000
18000000001
18000001111
18000002222
18000003333
18000004444
18000005555
18000006666
18000007777
18000008888
18000009999
18011110000
18011111111
18011112222
18011113333
18011114444
18011115555
18011116666
18011117777
18011118888
18011119999
18022220000
18022221111
18022222222
18022223333
18022224444
18022225555
18022226666
18022227777
18022228888
18022229999
18033330000
18033331111
18033332222
18033333333
18033334444
18033335555
18033336666
18033337777
18033338888
18033339999
18044440000
18044441111
18044442222
18044443333
18044444444
18044445555
18044446666
18044447777
18044448888
18044449999
18055550000
18055551111
18055552222
18055553333
18055554444
18055555555
18055556666
18055557777
18055558888
18055559999
18066660000
18066661111
18066662222
18066663333
18066664444
18066665555
18066666666
18066667777
18066668888
18066669999
18077770000
18077771111
18077772222
18077773333
18077774444
18077775555
18077776666
18077777777
18077778888
18077779999
18088880000
18088881111
18088882222
18088883333
18088884444
18088885555
18088886666
18088887777
18088888888
18088889999
18099990000
18099991111
18099992222
18099993333
18099994444
18099995555
18099996666
18099997777
18099998888
18099999999
18100000000
18100000001
18100001111
18100002222
18100003333
18100004444
18100005555
18100006666
18100007777
18100008888
18100009999
18111110000
18111111111
18111112222
18111113333
18111114444
18111115555
18111116666
18111117777
18111118888
18111119999
18122220000
18122221111
18122222222
18122223333
18122224444
18122225555
18122226666
18122227777
18122228888
18122229999
18133330000
18133331111
18133332222
18133333333
18133334444
18133335555
18133336666
18133337777
18133338888
18133339999
18144440000
18144441111
18144442222
18144443333
18144444444
18144445555
18144446666
18144447777
18144448888
18144449999
18155550000
18155551111
18155552222
18155553333
18155554444
18155555555
18155556666
18155557777
18155558888
18155559999
18166660000
18166661111
18166662222
18166663333
18166664444
18166665555
18166666666
18166667777
18166668888
18166669999
18177770000
18177771111
18177772222
18177773333
18177774444
18177775555
18177776666
18177777777
18177778888
18177779999
18188880000
18188881111
18188882222
18188883333
18188884444
18188885555
18188886666
18188887777
18188888888
18188889999
18199990000
18199991111
18199992222
18199993333
18199994444
18199995555
18199996666
18199997777
18199998888
18199999999
18200000000
18200000001
18200001111
18200002222
18200003333
18200004444
18200005555
18200006666
18200007777
18200008888
18200009999
18211110000
18211111111
18211112222
18211113333
18211114444
18211115555
18211116666
18211117777
18211118888
18211119999
18222220000
18222221111
18222222222
18222223333
18222224444
18222225555
18222226666
18222227777
18222228888
18222229999
18233323322
18233330000
18233331111
18233332222
18233332343
18233333323
18233333333
18233334444
18233335555
18233336666
18233337777
18233338888
18233339999
18236569571
18244440000
18244441111
18244442222
18244443333
18244444444
18244445555
18244446666
18244447777
18244448888
18244449999
18255550000
18255551111
18255552222
18255553333
18255554444
18255555555
18255556666
18255557777
18255558888
18255559999
18266660000
18266661111
18266662222
18266663333
18266664444
18266665555
18266666666
18266667777
18266668888
18266669999
18277770000
18277771111
18277772222
18277773333
18277774444
18277775555
18277776666
18277777777
18277778888
18277779999
18288880000
18288881111
18288882222
18288883333
18288884444
18288885555
18288886666
18288887777
18288888888
18288889999
18299990000
18299991111
18299992222
18299993333
18299994444
18299995555
18299996666
18299997777
18299998888
18299999999
18300000000
18300000001
18300001111
18300002222
18300003333
18300004444
18300005555
18300006666
18300007777
18300008888
18300009999
18301430322
18311110000
18311111111
18311112222
18311113333
18311114444
18311115555
18311116666
18311117777
18311118888
18311119999
18322220000
18322221111
18322222222
18322223333
18322224444
18322225555
18322226666
18322227777
18322228888
18322229999
18333330000
18333331111
18333332222
18333333333
18333334444
18333335555
18333336666
18333337777
18333338888
18333339999
18344440000
18344441111
18344442222
18344443333
18344444444
18344445555
18344446666
18344447777
18344448888
18344449999
18355550000
18355551111
18355552222
18355553333
18355554444
18355555555
18355556666
18355557777
18355558888
18355559999
18366660000
18366661111
18366662222
18366663333
18366664444
18366665555
18366666666
18366667777
18366668888
18366669999
18377770000
18377771111
18377772222
18377773333
18377774444
18377775555
18377776666
18377777777
18377778888
18377779999
18388880000
18388881111
18388882222
18388883333
18388884444
18388885555
18388886666
18388887777
18388888888
18388889999
18399990000
18399991111
18399992222
18399993333
18399994444
18399995555
18399996666
18399997777
18399998888
18399999999
18400000000
18400001111
18400002222
18400003333
18400004444
18400005555
18400006666
18400007777
18400008888
18400009999
18411110000
18411111111
18411112222
18411113333
18411114444
18411115555
18411116666
18411117777
18411118888
18411119999
18422220000
18422221111
18422222222
18422223333
18422224444
18422225555
18422226666
18422227777
18422228888
18422229999
18433330000
18433331111
18433332222
18433333333
18433334444
18433335555
18433336666
18433337777
18433338888
18433339999
18444440000
18444441111
18444442222
18444443333
18444444444
18444445555
18444446666
18444447777
18444448888
18444449999
18455550000
18455551111
18455552222
18455553333
18455554444
18455555555
18455556666
18455557777
18455558888
18455559999
18466660000
18466661111
18466662222
18466663333
18466664444
18466665555
18466666666
18466667777
18466668888
18466669999
18477770000
18477771111
18477772222
18477773333
18477774444
18477775555
18477776666
18477777777
18477778888
18477779999
18488880000
18488881111
18488882222
18488883333
18488884444
18488885555
18488886666
18488887777
18488888888
18488889999
18499990000
18499991111
18499992222
18499993333
18499994444
18499995555
18499996666
18499997777
18499998888
18499999999
18500000000
18500001111
18500002222
18500003333
18500004444
18500005555
18500006666
18500007777
18500008888
18500009999
18511110000
18511111111
18511112222
18511113333
18511114444
18511115555
18511116666
18511117777
18511118888
18511119999
18521308758
18522220000
18522221111
18522222222
18522223333
18522224444
18522225555
18522226666
18522227777
18522228888
18522229999
18533330000
18533331111
18533332222
18533333333
18533334444
18533335555
18533336666
18533337777
18533338888
18533339999
18544440000
18544441111
18544442222
18544443333
18544444444
18544445555
18544446666
18544447777
18544448888
18544449999
18555550000
18555551111
18555552222
18555553333
18555554444
18555555555
18555556666
18555557777
18555558888
18555559999
18566660000
18566661111
18566662222
18566663333
18566664444
18566665555
18566666666
18566667777
18566668888
18566669999
18577770000
18577771111
18577772222
18577773333
18577774444
18577775555
18577776666
18577777777
18577778888
18577779999
18588880000
18588881111
18588882222
18588883333
18588884444
18588885555
18588886666
18588887777
18588888888
18588889999
18599990000
18599991111
18599992222
18599993333
18599994444
18599995555
18599996666
18599997777
18599998888
18599999999
18600000000
18600001111
18600002222
18600003333
18600004444
18600005555
18600006666
18600007777
18600008888
18600009999
18600687558
18611110000
18611111111
18611112222
18611113333
18611114444
18611115555
18611116666
18611117777
18611118888
18611119999
18611705188
18616846362
18622220000
18622221111
18622222222
18622223333
18622224444
18622225555
18622226666
18622227777
18622228888
18622229999
18633330000
18633331111
18633332222
18633333333
18633334444
18633335555
18633336666
18633337777
18633338888
18633339999
18644440000
18644441111
18644442222
18644443333
18644444444
18644445555
18644446666
18644447777
18644448888
18644449999
18655550000
18655551111
18655552222
18655553333
18655554444
18655555555
18655556666
18655557777
18655558888
18655559999
18666660000
18666661111
18666662222
18666663333
18666664444
18666665555
18666666666
18666667777
18666668888
18666669999
18677770000
18677771111
18677772222
18677773333
18677774444
18677775555
18677776666
18677777777
18677778888
18677779999
18688880000
18688881111
18688882222
18688883333
18688884444
18688885555
18688886666
18688887777
18688888888
18688889999
18699990000
18699991111
18699992222
18699993333
18699994444
18699995555
18699996666
18699997777
18699998888
18699999999
18700000000
18700001111
18700002222
18700003333
18700004444
18700005555
18700006666
18700007777
18700008888
18700009999
18702152244
18711110000
18711111111
18711112222
18711113333
18711114444
18711115555
18711116666
18711117777
18711118888
18711119999
18722220000
18722221111
18722222222
18722223333
18722224444
18722225555
18722226666
18722227777
18722228888
18722229999
18733330000
18733331111
18733332222
18733333333
18733334444
18733335555
18733336666
18733337777
18733338888
18733339999
18744440000
18744441111
18744442222
18744443333
18744444444
18744445555
18744446666
18744447777
18744448888
18744449999
18755550000
18755551111
18755552222
18755553333
18755554444
18755555555
18755556666
18755557777
18755558888
18755559999
18766660000
18766661111
18766662222
18766663333
18766664444
18766665555
18766666666
18766667777
18766668888
18766669999
18777770000
18777771111
18777772222
18777773333
18777774444
18777775555
18777776666
18777777777
18777778888
18777779999
18788880000
18788881111
18788882222
18788883333
18788884444
18788885555
18788886666
18788887777
18788888888
18788889999
18799990000
18799991111
18799992222
18799993333
18799994444
18799995555
18799996666
18799997777
18799998888
18799999999
18800000000
18800000001
18800001111
18800002222
18800003333
18800004444
18800005555
18800006666
18800007777
18800008888
18800009999
18811110000
18811111111
18811112222
18811113333
18811114444
18811115555
18811116666
18811117777
18811118888
18811119999
18812341234
18812345678
18822220000
18822221111
18822222222
18822223333
18822224444
18822225555
18822226666
18822227777
18822228888
18822229999
18833330000
18833331111
18833332222
18833333333
18833334444
18833335555
18833336666
18833337777
18833338888
18833339999
18844440000
18844441111
18844442222
18844443333
18844444444
18844445555
18844446666
18844447777
18844448888
18844449999
18855550000
18855551111
18855552222
18855553333
18855554444
18855555555
18855556666
18855557777
18855558888
18855559999
18866660000
18866661111
18866662222
18866663333
18866664444
18866665555
18866666666
18866667777
18866668888
18866669999
18877770000
18877771111
18877772222
18877773333
18877774444
18877775555
18877776666
18877777777
18877778888
18877779999
18888880000
18888881111
18888882222
18888883333
18888884444
18888885555
18888886666
18888887777
18888888880
18888888888
18888888889
18888889999
18899990000
18899991111
18899992222
18899993333
18899994444
18899995555
18899996666
18899997777
18899998888
18899999999
18900000000
18900001111
18900002222
18900003333
18900004444
18900005555
18900006666
18900007777
18900008888
18900009999
18911110000
18911111111
18911112222
18911113333
18911114444
18911115555
18911116666
18911117777
18911118888
18911119999
18922220000
18922221111
18922222222
18922223333
18922224444
18922225555
18922226666
18922227777
18922228888
18922229999
18933330000
18933331111
18933332222
18933333333
18933334444
18933335555
18933336666
18933337777
18933338888
18933339999
18944440000
18944441111
18944442222
18944443333
18944444444
18944445555
18944446666
18944447777
18944448888
18944449999
18955550000
18955551111
18955552222
18955553333
18955554444
18955555555
18955556666
18955557777
18955558888
18955559999
18966660000
18966661111
18966662222
18966663333
18966664444
18966665555
18966666666
18966667777
18966668888
18966669999
18977770000
18977771111
18977772222
18977773333
18977774444
18977775555
18977776666
18977777777
18977778888
18977779999
18988880000
18988881111
18988882222
18988883333
18988884444
18988885555
18988886666
18988887777
18988888888
18988889999
18999990000
18999991111
18999992222
18999993333
18999994444
18999995555
18999996666
18999997777
18999998888
18999999998
18999999999
19
1987653928
198765392846
19888888888
19909765845
19918749884
19999999999
2
20
22222222
3
30
360
3com
4
44
4Dgifts
5
6
666666
7
8
888888
9
安全测评
测试账号
测试账号0
测试账号1
测试账号权限
管理员
系统管理员
预发布测试用户
à
a
aaa
aaliyah
aaren
aarika
aarón
aaron
aartjan
aarushi
ab
abagael
abagail
abahri
abba
abbas
abbe
abbey
abbi
abbie
abbot
abbott
abby
abbye
abc123
abdalla
abdallah
abdel
abdón
abdul
abdullah
abe
abel
abelard
abelardo
abeu
abey
abi
abia
abie
abigael
abigail
abigale
abner
abra
abraham
abrahán
abrahan
abram
abramo
abran
abree
abrianna
abriel
abrielle
abril
abrt
abu
abuse
aby
acacia
academico
acceso
access
account
accounting
accounts
ace
achal
achamma
acid
action
activestat
ad
ada
adadmin
adadmin01
adadmin02
adah
adair
adalberto
adalia
adaline
adalyn
adam
adamo
ADAMS
adán
adan
adara
adda
addi
addia
addie
addilyn
addison
addons
addy
ade
adel
adela
adelaida
adelaide
adelbert
adele
adelene
adelheid
adelia
adelice
adelina
adelind
adeline
adella
adelle
adelynn
aden
adena
adeniyi
adey
adfexc
adham
adi
adiana
adie
adina
aditya
adkit
adlai
adler
adlogin
adm
adm 
admi
admin
Admin
ADMIN
admin_
admin' or ''=''--
admin' or 1=1--
admin'--
admin'or''='
admin@1.com
admin@126.com
admin@163.com
admin@163.net
admin@dingtalk.com
admin@gmail.com
admin@hotmail.com
admin@mail.com
admin@qq.com
admin@test.com
admin@yahoo.com
admin001
admin002
admin003
admin01
admin02
admin03
admin1
admin1@1.com
admin1@126.com
admin1@163.com
admin1@163.net
admin1@dingtalk.com
admin1@gmail.com
admin1@hotmail.com
admin1@mail.com
admin1@qq.com
admin1@test.com
admin1@yahoo.com
admin111
admin12
admin12@1.com
admin12@126.com
admin12@163.com
admin12@163.net
admin12@dingtalk.com
admin12@gmail.com
admin12@hotmail.com
admin12@mail.com
admin12@qq.com
admin12@test.com
admin12@yahoo.com
admin123
admin1980
admin1981
admin1982
admin1983
admin1984
admin1985
admin1986
admin1987
admin1988
admin1989
admin1990
admin1991
admin1992
admin1993
admin1994
admin1995
admin1996
admin1997
admin1998
admin1999
admin2
admin2000
admin2001
admin2002
admin2003
admin2004
admin2005
admin2006
admin2007
admin2008
admin2009
admin2010
admin2011
admin2012
admin2013
admin2014
admin2015
admin2016
admin2017
admin2018
admin2019
admin2020
admin3
admin4
admin5
admin6
admin666
admin80
admin8080
admin8081
admin81
admin888
admin888@1.com
admin888@126.com
admin888@163.com
admin888@163.net
admin888@dingtalk.com
admin888@gmail.com
admin888@hotmail.com
admin888@mail.com
admin888@qq.com
admin888@test.com
admin888@yahoo.com
admin9090
admina
adminaaa
adminer
adminftp
admini
administracion
administrador
administrator
Administrator
administrator@1.com
administrator@126.com
administrator@163.com
administrator@163.net
administrator@dingtalk.com
administrator@gmail.com
administrator@hotmail.com
administrator@mail.com
administrator@qq.com
administrator@test.com
administrator@vsphere.local
administrator@yahoo.com
administrators
administratorss
administrotor
adminroot
admins
adminserver
adminstrator
admintest
adminttd
adminuser
adminweb
adminwww
adminzzz
Admissions
ADMN
adnan
ado
adolf
adolfo
adolph
adolphe
adolpho
adolphus
adon
adonis
adora
adore
adoree
adorne
adrea
adreanna
adri
adrià
adria
adriaens
adrián
adrian
adriana
adriane
adrianna
adrianne
adriano
adrie
adriel
adrien
adriena
adrienne
ads
adserver
adsl
ADTemp
aduser
advance
ADVMAIL
ady
ae
aeriel
aeriela
aeriell
aerona
aeryn
af
affiliate
affiliates
afif
afiliados
afke
áfrica
afrodita
afton
afzal
ag
agace
ágata
agata
agatha
agathe
agenda
agenia
agent
aggi
aggie
aggy
agna
agnella
agnes
agnese
agnesse
agneta
agnola
agosto
agretha
águeda
aguie
aguistin
aguste
agustín
agustin
agustina
aharon
ahmad
ahmed
ahmet
ai
aída
aida
aidan
aideen
aiden
aigneis
aila
ailbert
aile
ailee
aileen
ailene
ailey
aili
ailina
ailis
ailsa
ailsun
ailyn
aimar
aime
aimee
aimil
aindrea
aine
ainoa
ainslee
ainsleigh
ainsley
ainslie
air
aisha
aisling
aislinn
aislynn
aitana
aithor
aitor
aix
ajax
ajay
ajit
ajmal
ajoy
ak
akamai
akemi
akihiko
akim
akin
akio
akira
akram
aksel
akshay
al
alabama
aladin
alain
alaina
alaine
alair
alameda
alan
alana
alanah
aland
alane
alanis
alanna
alannah
alano
alanson
alard
alaric
alasdair
alaska
alastair
alasteir
alaster
alayah
alayna
alayne
alb
alba
albana
albany
alberik
albert
alberta
albertina
albertine
alberto
albie
albina
albrecht
albuquerque
albus
alda
alden
aldin
aldis
aldo
aldon
aldous
aldric
aldrich
aldridge
aldrin
aldus
aldwin
ale
aleah
alec
alecia
aled
aleda
aleece
aleen
alegría
aleisha
aleix
alejandra
alejandrina
alejandro
alejo
alejoa
aleksandr
alen
alena
alene
alerts
alesandro
alese
alessandra
alessandro
alessia
aleta
alethea
alev
alex
alexa
alexander
alexandr
alexandra
alexandre
alexandria
alexandrina
alexandro
alexandros
alexandru
alexei
alexi
alexia
alexina
alexine
alexio
alexis
alexus
alf
alfi
alfie
alfons
alfonsa
alfonse
alfonso
alfonzo
alford
alfred
alfreda
alfredo
alfy
algernon
ali
alia
aliana
alic
alica
alice
alicea
alicia
alick
alida
alidia
alie
alika
alikee
alina
aline
alipay
alis
alisa
alisander
alisha
alison
alissa
alistair
alister
alisun
alivia
alix
aliyah
aliyun
aliza
alize
alka
alkarim
alla
allan
allard
allayne
alleen
allegra
allen
allene
alley
alleyn
alli
allianora
allie
allin
ALLIN1
ALLIN1MAIL
allina
ALLINONE
allis
allisan
allison
allissa
allister
allistir
allix
allsun
allx
ally
allyce
allyn
allys
allyson
alma
almeda
almendra
almeria
almerinda
almeta
almira
almire
almudena
alnoor
aloin
alois
aloise
aloisia
alok
alon
alondra
alonso
alonzo
alora
aloysia
aloysius
alp
alparslan
alpha
alphard
alphen
alphonse
alphonso
alpine
alric
alstine
alta
altay
altea
alterwind
althea
alton
aluin
aluino
alva
alvan
álvaro
alvaro
alvera
alverta
alvie
alvin
alvina
alvinia
alvira
alvis
alvy
alwin
alwyn
aly
alya
alyce
alycia
alyda
alyosha
alys
alysa
alyse
alyshialynn
alysia
alyson
alyss
alyssa
alysse
alyssia
am
amabel
amabelle
amada
amadeo
amado
amaia
amalea
amalee
amaleta
amalia
amalie
amalita
amalle
amand
amanda
amandi
amandie
amandine
amandip
amando
amandy
amani
amant
amapola
amara
amargo
amari
amarillo
amaris
amarjit
amaro
amaryllis
amata
amato
amaya
ámbar
amber
amberly
amberlyn
amble
ambros
ambrose
ambrosi
ambrosio
ambrosius
ambur
amby
amdin123
amdin123@1.com
amdin123@126.com
amdin123@163.com
amdin123@163.net
amdin123@dingtalk.com
amdin123@gmail.com
amdin123@hotmail.com
amdin123@mail.com
amdin123@qq.com
amdin123@test.com
amdin123@yahoo.com
ame
amelia
amelie
amelina
ameline
amelita
américa
america
americas
amerigo
amery
amethyst
ami
amie
amii
amil
amily
amina
amir
amirah
amit
amitie
amity
amjad
ammamaria
ammar
amnish
amnon
amory
amos
amour
amparo
amrik
amrish
amy
amya
amye
an
ana
anabal
anabel
anabella
anabelle
anader
anaheim
anahi
anáis
anais
analiese
analise
anallese
anallise
analyzer
anamaria
anand
anantha
ananya
anastasia
anastasie
anastasio
anastassia
anatol
anatola
anatole
anatoli
anatollo
anatoly
ancell
anda
andaree
andee
andeee
anderea
anders
anderson
andi
andie
andonis
andra
andras
andre
andrea
andreana
andreas
andree
andrei
andrej
andrejs
andrés
andres
andrew
andrey
andria
andriana
andriette
andris
andromache
andromeda
andros
andrus
andrzej
andy
anemone
anestassia
anet
anett
anetta
anette
ange
ángel
angel
ángela
angela
angele
ángeles
angeles
angeli
angelia
angélica
angelica
angelico
angelie
angeliek
angelika
angelina
angeline
angelique
angelita
angelle
angelo
angie
angil
angus
angustias
angy
anhtuan
ania
aníbal
anibal
anica
anika
aniko
anil
anisa
anissa
anita
anitra
aniya
aniyah
anja
anjali
anjanette
anje
anjela
anjing
anker
anki
ankie
anky
anlei
ann
ann-hoon
ann-lorrain
ann-marie
anna
anna-diana
anna-diane
anna-maria
anna-marie
annabal
annabel
annabela
annabell
annabella
annabelle
annabeth
annadiana
annadiane
annalee
annaliese
annalisa
annalise
annamaria
annamarie
annarbor
anne
anne marie
anne-corinne
anne-lise
anne-marie
annecorinne
anneke
anneliese
annelise
annemarie
annemarijke
annemie
annet
annetta
annette
anni
annice
annick
annie
annika
anning
annis
annissa
annmaria
annmarie
annnora
annora
announce
announcements
anny
anon
anonymous
Anonymous
anoushka
anran
ans
ansel
ansell
anselm
anselma
anselmo
ansible
ansley
anson
anstice
anthe
anthea
anthia
anthiathia
anthony
antin
antivirus
antoine
antoinette
anton
anton-phuoc
antone
antonella
antonetta
antoni
antonia
antonie
antonietta
antonin
antonina
antonino
antonio
antonius
antons
antony
anuar
anuja
anup
anurag
anusha
anushka
anver
anwar
anwei
anwen
Any
anya
ao
aoibhe
aoibheann
aoife
ap
AP2SVP
apache
apache2
aparna
apc
aphrodite
api
api-ecm
apiuser
APL2PP
apollo
app
app01
app1
apple
application
applications
APPLSYS
appolonia
AppProdUser
apps
APPS
appserver
appuser
april
aprilette
apryle
apurve
aq
AQDEMO
aqua
AQUSER
ar
ara
arabel
arabela
arabele
arabella
arabelle
araceli
araldo
aran
arancha
arantxa
aránzazu
arch
archaimbaud
archambault
archer
archibald
archibaldo
archibold
archie
ARCHIVIST
archy
arcsight
arda
ardath
ardavan
ardeen
ardelia
ardelis
ardella
ardelle
arden
ardene
ardenia
ardie
ardine
ardis
ardisj
ardith
ardra
ardyce
ardys
ardyth
arel
aretha
argentina
ari
aria
ariadna
ariadne
ariana
ariane
arianna
arianne
aridatha
arie
ariel
ariela
ariella
arielle
arif
arin
arina
ario
aris
arisha
aristides
aristotle
arizona
arjun
arkansas
arlan
arlana
arlee
arleen
arlen
arlena
arlene
arleta
arlette
arley
arleyne
arlie
arliene
arlin
arlina
arlinda
arline
arlington
arlo
arluene
arly
arlyn
arlyne
arman
armand
armando
armelle
armin
armine
armstrong
arn
arnaldo
arnau
arne
arnett
arney
arni
arnie
arnis
arno
arnold
arnoldo
arnuad
arny
aroa
aron
arpwatch
arran
arri
arrie
arron
arsavir
arshad
art
artair
arte
artemas
artemis
artemisa
artemus
arther
arthur
artie
arts
artur
arturo
artus
arty
arun
aruna
arv
arvie
arvin
arvind
arvy
arwen
arwin
arya
aryn
arzu
as
as400
asa
asad
asan
asdf
ase
asghar
ash
asha
ashanti
ashbey
ashby
ashe
ashely
asher
ashia
ashien
ashil
ashla
ashlan
ashlee
ashleigh
ashlen
ashley
ashli
ashlie
ashlin
ashly
ashlyn
ashlynn
ashok
ashoka
ashraf
ashton
ashtyn
ashu
ashutosh
ashvini
ashwin
asia
asier
asif
asma
asmar
asnat
aspen
assessor
assessor@1.com
assessor@126.com
assessor@163.com
assessor@163.net
assessor@dingtalk.com
assessor@gmail.com
assessor@hotmail.com
assessor@mail.com
assessor@qq.com
assessor@test.com
assessor@yahoo.com
aster
asterix
aston
astoria
astra
astrid
astrix
asunción
asunta
aswin
at
at4400
atala
atalanta
atanasia
atanasio
atenea
athalia
athan
athar
athena
athene
atique
atl
atl-sales
atlanta
atlante
atlas
atmane
atsuo
atsushi
att
atta
atticus
attilio
attilla
atul
au
aube
auberon
aubert
auberta
aubine
aubreanna
aubree
aubrette
aubrey
aubriana
aubrie
aubrielle
aubry
auction
auden
audi
audie
audit
Audit
auditadmin
auditor
audivox
audra
audre
audrey
audriana
audric
audrie
audrina
audry
audrye
audwin
audy
augie
august
augusta
auguste
augustin
augustina
augustine
augusto
augustus
augy
aundrea
aura
aurea
aurel
aurelea
aurelia
aurelie
aurelio
auria
aurie
aurilia
aurlie
auro
auroora
aurora
aurore
aurori
aurthur
austen
austin
austina
austine
auth
author
auto
autocad
autodiscover
AUTOLOG1
autumn
auxiliadora
ava
avahi
avahi-autoipd
avaline
avalon
avaz
ave
avedis
aveline
aven
averell
averil
averill
avery
averyl
avia
avictor
avie
avigdor
avinash
avis
aviva
avivah
avon
avram
avriella
avril
avrit
avrom
avtar
ax
axe
axel
aya
ayaan
ayako
ayana
ayanna
ayaz
aybars
ayda
ayden
ayesha
ayisha
ayla
aylmar
aylmer
aymer
ayn
ayrton
ayush
azalea
azam
azar
azaria
azariah
azhar
aziz
azkaban
azmeena
azmina
azra
azucena
azure
azureuser
bab
babak
babara
babb
babbette
babbie
babette
babita
babs
bachittar
backup
BACKUP
backups
badri
baets
baha
bahadir
bahram
baibing
baifan
baigang
baihua
baijie
baijing
bail
bailei
bailey
bailiang
bailie
baillie
bailong
baily
baines
baipeng
baird
baitao
baiwei
baixue
baixuefeng
baiyang
baiyong
baiyu
baiyun
baiyunfei
bakel
bakoury
bakup
bakupuser
bakuser
bal
balaji
balakrishna
bald
baldev
baldomero
balduin
baldwin
bale
baljinder
baltasar
bam
bambi
bambie
bamby
ban
bancroft
bang
bank
banky
bao
baomi
baominh
bar
barack
barb
barbabas
barbabra
bárbara
barbara
barbara-anne
barbaraanne
barbe
barbee
barbette
barbey
barbi
barbie
barbra
barby
barclay
bard
barde
bari
baris
barlas
barn
barnabas
barnabe
barnaby
barnard
barnebas
barnes
barnett
barney
barnie
barny
baron
barr
barret
barrett
barri
barrie
barris
barron
barry
barsha
bart
bartel
barth
barthel
bartholemy
bartholomeo
bartholomeus
bartholomew
bartie
bartlet
bartlett
bartolemo
bartolomé
bartolomeo
barton
bartram
barty
baruk
bary
baryram
base
basheer
basia
basil
basile
basilio
basilius
bassam
bastian
bastien
bat
BATCH
BATCH1
BATCH2
bateer
batholomew
bathsheba
batsheva
baudoin
bawn
bax
baxie
baxter
baxy
bay
bayard
baylee
baylor
bbb
bbs
bbsd-client
bciim
bcim
bcms
bcnas
bcs
bcspatch
bea
beale
bealle
beana
bear
bearnard
beata
beate
beatrice
beatrisa
beatrix
beatriz
beau
beaufort
beaumont
beauregard
beb
bebe
becca
beccy
beck
becka
beckett
becki
beckie
becky
bedford
bee
beef-xss
begoña
begonia
begum
behdad
behnam
behrouz
behzad
beilul
beitris
bekki
bel
bela
belén
belen
belia
belicia
belinda
belissa
belita
bell
bella
bellamy
bellanca
bellatrix
belle
belleville
bellina
bello
beltrán
beltran
belva
belvia
ben
bendick
bendicty
bendite
bendix
benedetta
benedetto
benedick
benedict
benedicta
benedicto
benedikt
benedikta
benefits
benetta
bengt
beniamino
benigna
benigno
benita
benito
benjamen
benjamín
benjamin
benji
benjie
benjy
benn
benne
bennesa
bennet
bennett
benni
bennie
benny
benoit
benoite
benson
bent
benthem
bentlee
bentley
bently
benton
benyamin
bep
beppie
ber
berangere
berenice
beret
berger
berget
berk
berke
berkeley
berkie
berkley
berkly
berky
bern
berna
bernabé
bernadene
bernadette
bernadina
bernadine
bernard
bernarda
bernardina
bernardine
bernardo
bernarr
bernd
berne
bernelle
berneta
bernete
bernetta
bernette
bernhard
berni
bernice
bernie
bernita
berny
berri
berrie
berry
bert
berta
berte
bertha
berthe
berti
bertie
bertina
bertine
berto
berton
bertram
bertrand
bertrando
berty
beryl
beryle
bess
bessie
bessy
beth
bethan
bethanie
bethanne
bethany
bethena
bethina
betsey
betsy
betta
bette
bette-ann
betteann
betteanne
betti
bettie
bettina
bettine
bettink
betty
betty-ann
betty-anne
bettye
beulah
bev
bevan
beverie
beverlee
beverley
beverlie
beverly
bevin
bevis
bevon
bevvy
bevyn
beyonce
bgzs
bhagvat
bhal
bhanu
bharat
bharti
bhupendra
bhupinder
bianca
bianka
bibbie
bibby
bibbye
bibi
bibiana
biddie
biddy
bidget
bienvenido
bihari
bijan
bil
bilei
bili
bill
billi
billie
billy
billye
bin
bina
bind
bing
binh
bink
binky
binni
binnie
binny
biplab
birch
birchard
bird
birdie
birendra
birgit
birgitta
birgitte
birk
birmingham
biron
biswajit
bitnami
bjorn
bladen
blain
blaine
blair
blaire
blaise
blake
BLAKE
blakelee
blakeley
blakely
blanca
blanch
blancha
blanche
blane
blas
blayne
blaze
blessing
blinni
blinnie
blinny
bliss
blisse
blithe
blog
blondell
blondelle
blondie
blondy
bloom
blossom
blue
blythe
bnr
bnrecad
bnrtor
bo
bob
bobb
bobbe
bobbee
bobbette
bobbi
bobbie
bobby
bobbye
bobette
bobina
bobine
bobinette
bodie
bodo
boer
bogart
bogdan
bogey
boigie
bond
bondie
bondon
bondy
bone
boniface
bonifacio
bonita
bonnar
bonnee
bonni
bonnibelle
bonnie
bonny
bonquesha
booker
boone
boonie
boony
boot
boote
booth
boothe
bora
bord
borden
bordie
bordy
borg
boris
borja
bosiljka
boss
boston
bot
both
bourke
bowen
bowie
box
boy
boyce
boycey
boycie
boyd
bqb
brad
bradan
brade
braden
bradford
bradley
bradly
bradney
bradwin
brady
braeden
braelyn
brahim
brahmananda
braiden
brais
bram
bran
brana
brand
brandais
brande
brandea
branden
brander
brandi
brandice
brandie
brandise
brandon
brandtr
brandy
brandyn
brannon
branson
brant
brantley
brax
braxton
bray
brayan
brayden
braydon
braylee
braylen
braylon
brayson
brea
breanna
breanne
brear
brechtje
breck
breckin
bree
breena
breeze
bregitte
brekel
bren
brena
brend
brenda
brendan
brenden
brendin
brendis
brendon
brenn
brenna
brennan
brennen
brennon
brent
brentley
brenton
bret
breton
brett
brevin
brevyn
brew
brewer
brewster
bria
brian
briana
brianna
brianne
briano
briant
briar
brice
bride
bridget
bridgett
bridgette
bridie
brie
briella
brielle
brien
brier
brietta
brig
brigg
briggs
brigham
brighton
brigid
brigida
brigit
brigita
brigitta
brigitte
briley
brina
briney
brinley
brinn
brinna
briny
brion
briony
brisa
bristol
brit
brita
britney
britni
britt
britta
brittan
brittaney
brittani
brittany
britte
britteny
brittne
brittney
brittni
brnaba
brnaby
brock
brockie
brocky
brod
broddie
broddy
broden
broderic
broderick
brodie
brody
brogan
brok
bron
bronagh
bronnie
bronny
bronson
bronte
bronwen
bronwyn
brook
brooke
brooklyn
brooklynn
brooks
brose
browse
bruce
brucie
bruis
brunhilda
brunhilde
bruno
bryan
bryana
bryanna
bryant
bryanty
bryce
bryden
brydon
brylee
bryleigh
bryler
bryn
bryna
brynlee
brynn
brynna
brynne
bryon
bryony
bryson
bryton
bse
buck
buckie
bucklin
bucky
bud
buda
budd
buddie
buddy
budi
bue
buenaventura
buffy
buford
bui
build
building
buiron
bulent
bulletin
bunni
bunnie
bunny
bunty
burch
burg
burgess
burk
burke
burl
burlie
burnaby
burnard
burr
burt
burtie
burton
burty
business
buster
butch
bvworks
byram
byran
byrann
byrle
byrom
byron
C0nt3ntM4n4g3r
cablecom
cache
cacilia
cacilie
cacti
cactiuser
cad
cadby
caddric
cade
caden
cadence
cael
caelan
caesar
cahra
cai
caiden
caila
cailin
cailyn
cain
caine
cairistiona
caitlan
caitlin
caitlyn
caitrin
caius
cal
cala
caldwell
cale
caleb
caleigh
calhoun
cali
calida
calista
calisto
calixto
calla
callan
callean
callen
calley
calli
callida
callie
calliope
callista
callum
cally
calum
calv
calvin
calypso
cam
camala
cambree
cambria
camden
camel
camelia
camella
camellia
camera
cameron
camey
cami
camila
camile
camilla
camille
camilo
camino
cammi
cammie
cammy
campbell
camron
camry
camryn
canadian
candace
candee
candela
candelaria
candi
candice
candida
candide
candie
candis
candra
candy
cane
canela
cang
cantrell
canute
caobin
caobing
caobo
caodan
caofang
caofei
caofeng
caogang
caohong
caohua
caohui
caoimhe
caojia
caojian
caojianguo
caojianhua
caojianjun
caojie
caojing
caojun
caokai
caolan
caolei
caoleilei
caoli
caoliang
caolin
caoling
caomin
caoming
caona
caoning
caopeng
caoping
caoqiang
caoqing
caorui
caowei
caoxia
caoxu
caoxue
caoyan
caoyang
caoyi
caoying
caoyong
caoyu
caoyun
caozhigang
caozhiqiang
caprice
car
cara
caralie
carce
care
careen
career
careers
caren
carena
carenza
caresa
caressa
caresse
carey
cari
caria
caridad
carie
caril
carilyn
carin
carina
carine
cariotta
caris
carissa
carita
caritta
cark
carl
carla
carlee
carleen
carlen
carlene
carleton
carley
carlie
carlin
carlina
carline
carling
carlis
carlisle
carlita
carlo
carlos
carlota
carlotta
carlton
carly
carlye
carlyle
carlyn
carlynn
carlynne
carm
carma
carmel
carmela
carmelia
carmelina
carmelita
carmella
carmelle
carmelo
carmen
carmencita
carmina
carmine
carmita
carmody
carmon
carney
carny
caro
carol
carol-jean
carola
carolan
carolann
carole
carolee
carolien
carolin
carolina
caroline
caroljean
carolle
carolus
carolyn
carolyne
carolynn
caron
carr
carran
carree
carri
carrie
carrissa
carrol
carroll
carry
carsen
carson
carsten
cart
carter
carver
cary
caryl
caryn
carys
casandra
casar
case
casey
cash
casi
casie
casimiro
cason
caspar
casper
caspian
cass
cassandra
cassandre
cassandry
cassaundra
cassey
cassi
cassia
cassidy
cassie
cassiopeia
cassius
cassondra
cassy
castiel
castor
cat
catalina
catalog
CATALOG
catarina
cate
catelyn
caterina
catha
cathal
cathalina
catharina
catharine
cathe
cathee
catherin
catherina
catherine
cathi
cathie
cathleen
cathlene
cathrin
cathrine
cathryn
cathy
cathyleen
cati
catie
catina
catja
catlaina
catlee
catlin
cato
catrina
catriona
caty
cavan
cavin
cayden
caydon
caye
cayetana
cayetano
cayla
cayleigh
cayson
caz
cazzie
cb
cbin
cbo
cc
CCC
cchaddie
cchao
cchen
ccrusr
CDEMO82
CDEMOCOR
CDEMORID
CDEMOUCB
ceanna
cecco
cece
cecelia
cecil
cecile
ceciley
cecilia
cecilio
cecilius
cecilla
cecily
ced
cedric
cefee
ceil
cele
celene
celesta
celeste
celestia
celestina
celestine
celestyn
celestyna
celia
celie
celina
celinda
celine
celinka
celise
celisse
celka
celle
cello
celyne
cen
ceri
ceriel
cerise
cerys
césar
cesar
cesare
cesaro
ceshi
ceshi@1.com
ceshi@126.com
ceshi@163.com
ceshi@163.net
ceshi@dingtalk.com
ceshi@gmail.com
ceshi@hotmail.com
ceshi@mail.com
ceshi@qq.com
ceshi@test.com
ceshi@yahoo.com
ceshi01
ceshi1
ceshi123
ceshi2
ceshi3
cesya
cezary
cf
cfang
cfei
cg
cgadmin
cgang
cgl
cguilan
cguiying
cgy
ch
chabane
chabert
chad
chadd
chaddie
chaddy
chadwick
chahram
chai
chaim
chak-hong
chalmers
champathon
chan
chance
chancey
chand
chanda
chandal
chander
chandler
chandra
chandrakant
chandran
chane
chanel
chanelle
changchun
changhong
changjiang
changjing
changjun
changle
changlei
changliang
changming
changqing
changwei
changyong
changzheng
chanh
channa
channing
chano
chantal
chantalle
chantel
chantelle
chao
charangit
charee
charene
chari
charil
charin
chariot
charis
charissa
charisse
charita
charity
charla
charlean
charleen
charleigh
charlena
charlene
charles
charleton
charlette
charley
charlie
charline
charlize
charlot
charlotta
charlotte
charlsey
charlton
charly
charmain
charmaine
charman
charmane
charmian
charmine
charmion
charo
charyl
chas
chase
chasity
chastity
chatri
chau
chaunce
chauncey
chawki
chayton
chaz
che
checkfs
checkfsys
checksys
chee-yin
chee-yong
chellappan
chelsae
chelsea
chelsey
chelsie
chelsy
chen
chen-chen
chen-jung
chenai
chenaiguo
chenaihua
chenaijun
chenaimin
chenan
chenb
chenbiao
chenbin
chenbinbin
chenbing
chenbo
chenc
chencaixia
chencan
chenchao
chenchen
chencheng
chenchi
chenchong
chenchuan
chenchun
chenchunhua
chenchunlin
chenchunmei
chenchunsheng
chenchunxia
chenchunyan
chencong
chenda
chendan
chendandan
chendawei
chendehua
chendeming
chendong
chendongdong
chendongmei
chendongsheng
chenf
chenfan
chenfang
chenfangfang
chenfei
chenfeifei
chenfen
chenfeng
chenfengying
cheng
chengang
chengbo
chengchao
chengchen
chengcheng
chengdan
chengfang
chengfei
chengfeng
chenggang
chenghao
chenghong
chenghua
chenghui
chengjia
chengjian
chengjie
chengjing
chengjun
chengkai
chengl
chenglei
chengli
chengliang
chenglin
chengling
chenglong
chengmin
chengming
chengong
chengpeng
chengping
chengqiang
chengtao
chenguang
chenguanghui
chenguangming
chenguifang
chenguilan
chenguiying
chenguo
chenguodong
chenguofeng
chenguohua
chenguohui
chenguojun
chenguoliang
chenguomin
chenguoping
chenguoqiang
chenguoqing
chenguorong
chenguowei
chenguoxiang
chenguozhong
chengwei
chengwen
chengxia
chengxu
chengy
chengyan
chengying
chengyong
chengyu
chengyuan
chengyun
chenh
chenhai
chenhaibin
chenhaibing
chenhaibo
chenhaidong
chenhaifeng
chenhaihua
chenhaijun
chenhailong
chenhaiming
chenhaiping
chenhaitao
chenhaixia
chenhaiyan
chenhaiyang
chenhaiying
chenhang
chenhao
chenhaoran
chenheng
chenheping
chenhong
chenhongbing
chenhongbo
chenhongjun
chenhongmei
chenhongwei
chenhongxia
chenhongyan
chenhongying
chenhu
chenhua
chenhuan
chenhuanhuan
chenhui
chenhuimin
chenille
chenj
chenjh
chenji
chenjia
chenjiajia
chenjian
chenjianbing
chenjianbo
chenjiandong
chenjianfeng
chenjiang
chenjianguo
chenjianhong
chenjianhua
chenjianhui
chenjianjun
chenjianliang
chenjianlin
chenjianmin
chenjianming
chenjianping
chenjianqiang
chenjianrong
chenjiansheng
chenjianwei
chenjianwen
chenjianxin
chenjianying
chenjianyong
chenjianzhong
chenjiao
chenjie
chenjin
chenjinfeng
chenjing
chenjingjing
chenjinhua
chenjinlong
chenjinsong
chenju
chenjuan
chenjun
chenjunfeng
chenjunhua
chenjunjie
chenkai
chenkang
chenke
chenkun
chenl
chenlan
chenle
chenlei
chenleilei
chenli
chenliang
chenliangliang
chenlifang
chenlihong
chenlihua
chenlijun
chenlilei
chenlili
chenliming
chenlin
chenlina
chenling
chenlingling
chenlinlin
chenliping
chenlixia
chenlixin
chenliying
chenlong
chenlu
chenm
chenmei
chenmeihua
chenmeilei
chenmeiling
chenmeng
chenmiao
chenmin
chenming
chenminghua
chenminghui
chenmingliang
chenmingming
chenmo
chenna
chenning
chenp
chenpan
chenpei
chenpeng
chenpengfei
chenping
chenpingping
chenq
chenqi
chenqian
chenqiang
chenqiming
chenqin
chenqing
chenqinghua
chenqingqing
chenqiong
chenquan
chenqun
chenran
chenrong
chenronghua
chenrui
chensen
chenshan
chenshanshan
chenshaohua
chensheng
chenshengli
chenshi
chenshuai
chenshuang
chenshuhua
chenshuo
chensi
chensisi
chensiyu
chensong
chent
chentao
chenting
chentong
chenw
chenwei
chenweidong
chenweiguo
chenweihua
chenweijie
chenweimin
chenweiming
chenweiping
chenweiqiang
chenweiwei
chenwen
chenwenbin
chenwenhua
chenwenhui
chenwenjie
chenwenjing
chenwenjun
chenwenlei
chenwenlong
chenwenming
chenwenzhong
chenwu
chenwz
chenx
chenxi
chenxia
chenxian
chenxiang
chenxiangdong
chenxiangyang
chenxiansheng
chenxiao
chenxiaobing
chenxiaobo
chenxiaochun
chenxiaodan
chenxiaodong
chenxiaofang
chenxiaofeng
chenxiaoguang
chenxiaohong
chenxiaohua
chenxiaohui
chenxiaojing
chenxiaojun
chenxiaolan
chenxiaolei
chenxiaoli
chenxiaoliang
chenxiaolin
chenxiaoling
chenxiaolong
chenxiaomei
chenxiaomin
chenxiaoming
chenxiaoping
chenxiaoqiang
chenxiaowei
chenxiaoxia
chenxiaoyan
chenxiaoying
chenxiaoyong
chenxiaoyu
chenxiaoyun
chenxin
chenxing
chenxinghua
chenxingyu
chenxinhua
chenxiong
chenxiu
chenxiufang
chenxiuhua
chenxiulan
chenxiulei
chenxiuli
chenxiumei
chenxiuying
chenxiuzhen
chenxl
chenxu
chenxudong
chenxue
chenxuefeng
chenxuejiao
chenxuejun
chenxuemei
chenxy
chenxz
cheny
chenya
chenyadong
chenyajun
chenyan
chenyang
chenyanhong
chenyanhua
chenyanli
chenyanping
chenyanyan
chenyao
chenyaping
chenye
chenyi
chenyin
chenying
chenyingchun
chenyingjie
chenyingying
chenyl
chenyong
chenyonggang
chenyonghong
chenyonghua
chenyonghui
chenyongjun
chenyongliang
chenyongming
chenyongping
chenyongqiang
chenyongsheng
chenyongzhong
chenyu
chenyuan
chenyuanyuan
chenyue
chenyufang
chenyuhua
chenyulan
chenyulin
chenyuling
chenyulong
chenyumei
chenyuming
chenyun
chenyunfei
chenyunfeng
chenyunlong
chenyunxia
chenyuping
chenyuxia
chenyuying
chenyuzhen
chenyy
chenze
chenzhaohui
chenzhaolei
chenzhaoyang
chenzhe
chenzhen
chenzheng
chenzhenhua
chenzhenyu
chenzhi
chenzhichao
chenzhifeng
chenzhigang
chenzhiguo
chenzhihong
chenzhihua
chenzhihui
chenzhijian
chenzhijie
chenzhijun
chenzhilei
chenzhimin
chenzhiming
chenzhipeng
chenzhiping
chenzhiqiang
chenzhirong
chenzhiwei
chenzhiwen
chenzhixiang
chenzhixiong
chenzhiyong
chenzhiyuan
chenzhizhong
chenzhong
chenzhonghua
chenzhuo
cher
chere
cherey
cheri
cherianne
cherice
cherida
cherie
cherilyn
cherilynn
cherin
cherise
cherish
cherlyn
cherri
cherrita
cherry
chery
cherye
cheryl
ches
cheslie
chesney
chesteen
chester
cheston
chet
cheuk
chev
chevalier
chevy
CHEY_ARCHSVR
cheyanne
cheyenne
chi
chi-ho
chi-keung
chi-kwan
chi-man
chi-vien
chi-yin
chiara
chiarra
chic
chick
chickie
chicky
chico
chie
chilton
chin
chinfui
ching-long
chip
chiquia
chiquita
chitra
chiu
chlo
chloe
chloette
chloris
cho
cho-kuen
cho-lun
chocs
chok
chole
chong
chong-lai
choon-lin
chris
chrisse
chrissie
chrissy
christa
christabel
christabella
christal
christalle
christan
christean
christel
christelle
christen
christer
christi
christian
christiana
christiane
christianne
christiano
christie
christie-anne
christin
christina
christine
christoffer
christoforo
christoper
christoph
christophe
christopher
christophorus
christos
christy
christye
christyna
chrisy
chronos
chrony
chrotoem
chrysa
chrysanthemum
chrysler
chrystal
chryste
chrystel
chu-chay
chua
chuan
chucho
chuck
chui
chun
chung
chung-cheung
chung-wo
chung-yo
chungsik
chunmeng
chyanne
chye-lian
ci
cia
cian
ciara
ciaran
cicely
cici
cicily
ciel
cierra
cilka
cilla
cillian
cinda
cindee
cindelyn
cinderella
cindi
cindie
cindra
cindy
cinnamon
cinthia
cintia
circ
ciriaco
cirillo
cirilo
ciro
cirstoforo
cisco
ciscoadmin
cissiee
cissy
cj
cjh
cjianhua
cjie
cjing
cjuan
cjun
cl
claiborn
claiborne
clair
claire
clamav
clancy
clara
clarabelle
clarance
clare
clarence
claresta
clareta
claretta
clarette
clarey
clari
claribel
clarice
clarie
clarinda
clarine
claris
clarisa
clarissa
clarisse
clarita
clarity
clark
CLARK
clarke
clary
class
claude
claudell
claudelle
claudetta
claudette
claudia
claudian
claudianus
claudie
claudina
claudine
claudio
claudius
claus
clay
clayborn
clayborne
claybourne
clayson
clayton
clea
cleavland
clei
clem
clemence
clemens
clement
clemente
clementia
clementina
clementine
clementius
clemie
clemmie
clemmy
cleo
cleon
cleopatra
clerc
clerissa
clerkclaude
clestell
cletis
cleto
cletus
cleve
cleveland
clevey
clevie
clevon
cli
cliang
client
cliff
clifford
clifton
clim
clin
cling
clint
clinton
clio
clive
clo
clodagh
cloe
clong
cloris
clotilda
clotilde
cloud
Cloud
clover
clovis
cluster
cly
clyde
clyve
clywd
cm
cmaker
cmdb
cmei
cmin
cming
cmp
CMSAdmin
CMSBATCH
CMSUSER
cmwlogin
co
co-op
cob
cobb
cobbie
cobby
coby
cockpit-ws
coco
cocos
code
codee
codesafe
codi
codie
cody
cohen
coila
cointon
colan
colas
colby
cole
coleen
coleman
colene
colet
coletta
colette
colin
colleen
collen
collete
collette
colli
collie
collin
colline
colly
colm
colman
colombo
colord
colt
colten
colton
colver
COMPANY
con
conadmin
conan
conant
concepción
concepcion
concetta
concettina
concha
conchita
concordia
condell
config
cong
conglin
conlan
conn
conner
conney
conni
connie
connor
conny
conor
conrad
conrade
conrado
conroy
consalve
conserving
consolata
console
constance
constancia
constancy
constanta
constantia
constantin
constantina
constantine
constantino
constanza
consuela
consuelo
conway
cookie
cooney
coop
cooper
coord
coors
cora
corabel
corabella
corabelle
coral
coralie
coraline
coralyn
corbet
corbett
corbie
corbin
corby
cord
cordelia
cordelie
cordell
cordey
cordi
cordie
cordula
cordy
core
coreen
corella
corena
corenda
corene
coretta
corette
corey
cori
corie
corilla
corina
corine
corinna
corinne
coriss
corissa
corkstown
corliss
corly
cormac
cornall
cornel
cornela
cornelia
cornelis
cornelius
cornell
cornelle
corney
cornie
corny
corra
correna
correy
corri
corrianne
corrie
corrina
corrine
corrinne
corry
cort
cortie
cortland
cortney
corty
cory
cos
cosetta
cosette
cosimo
cosme
cosmo
cosola
costa
costanza
costas
costas-dinos
couchdb
count
coursdev
coursey
court
courtenay
courtnay
courtney
covadonga
cozmo
cp
cpanel
cpeng
cping
CPNUC
CPRM
cq
cqiang
craft
craggie
craggy
craig
crawford
creigh
creight
creighton
cressida
crichton
crin
cris
crispín
crispin
crissie
crissy
crista
cristabel
cristal
cristen
cristhian
cristi
cristian
cristiane
cristiano
cristie
cristin
cristina
cristine
cristionna
cristóbal
cristobal
cristofaro
cristy
crm
crm_temp
crmadmin
croix
crosby
cross
cruz
crysta
crystal
crystalbay
crystie
cs
cs1
csadmin
CSPUSER
ct
ctao
cthrine
CTXDEMO
CTXSYS
cubical
cubicle
cuibo
cuichao
cuifeng
cuigang
cuihao
cuihong
cuijia
cuijian
cuijie
cuijing
cuijun
cuikai
cuilei
cuili
cuiliang
cuilin
cuimin
cuiming
cuina
cuining
cuipeng
cuiping
cuiqiang
cuitao
cuiwei
cuiyan
cuiying
cuiyong
cuiyu
cull
cullan
cullen
culley
cullie
cullin
cully
culver
cuong
cups-pk-helper
curcio
curr
curran
currey
currie
curro
curry
curt
curtice
curtis
cusadmin
cust
customer
cuthbert
CVIEW
cvs
cvsadmin
cvsroot
cvsuser
cw
cwei
cx
cxia
cxin
cxiulan
cxiuying
cxiuzhen
cxl
cxy
cxz
cy
cyan
cyb
cybil
cybill
cycelia
cying
cyl
cymbre
cynde
cyndi
cyndia
cyndie
cyndy
cynethia
cynthea
cynthia
cynthie
cynthy
cynthya
cyong
cyra
cyril
cyrill
cyrille
cyrillus
cyrine
cyrus
cyulan
cyun
cyuying
cyy
czes
D-Link
d'anne
d'arcy
dabria
dacey
dacia
dacie
dacy
dae
dael
daelyn
daemon
daemon1
daemon2
daemon3
daffi
daffie
daffy
dafne
dag
dagmar
dagny
dahlia
daichao
daiding
daifei
daijie
daijihui
daijing
daijun
daile
dailei
daili
daimin
daiming
daina
daipeng
daire
daisey
daisi
daisie
daisy
daiwei
daiyong
dakota
dal
dale
dalen
dalenna
dalia
dalila
dalip
dalis
dall
dallas
dalli
dallis
dallon
dalon
daloris
dalston
dalt
dalton
damara
damarion
damaris
dámaso
dame
damián
damian
damiano
damien
damil
damion
damita
damon
dan
dana
danae
dane
danell
danella
danette
dani
dania
danial
danica
danice
danie
daniel
daniela
daniele
daniella
danielle
danika
danila
danilo
danit
danita
danna
dannel
danni
dannie
danny
dannye
dante
dany
danya
danyelle
danyette
daphene
daphine
daphna
daphne
dar
dara
daragh
darb
darbee
darbie
darby
darcee
darcey
darci
darcie
darcy
darda
dare
dareen
darell
darelle
daren
dari
daría
daria
darian
darice
dariel
darill
darin
darina
dario
darius
darko
darla
darleen
darlene
darline
darlleen
darn
darnall
darnell
daron
darragh
darrel
darrell
darrelle
darren
darrick
darrin
darrol
darry
darryl
darryn
darsey
darsie
darwin
darya
daryl
daryle
daryn
dash
dasha
dashawn
dasi
dasia
dasie
dasya
dat
data
database
DATAMOVE
datas
datha
dau
daune
dav
dave
daveen
daven
daveta
davey
david
davida
davidde
davide
davidson
davie
davin
davina
davinder
davine
davinia
davion
davis
davita
davon
davy
dawn
dawna
dawson
dax
daxon
daxter
daxton
daya
dayle
daylen
daylon
dayna
daysha
dayton
db
dba
DBA
dbadm
dbadmin
dbbackup
DBSNMP
dbus
dbuser
DCL
ddene
DDIC
de
de witt
de-anna
deacon
dean
deana
deandra
deandre
deane
deann
deanna
deanne
dear
deb
debadeep
debbi
debbie
debby
debee
debera
debi
debian
Debian-exim
Debian-snmp
debor
débora
debora
deborah
debra
debug
debug01
debug02
debug03
debug1
debug2
debug3
decca
deck
declan
DECMAIL
DECNET
dede
dedie
dedra
dee
dee dee
deeann
deeanne
deedee
deena
deepak
deerdre
deeyn
default
DEFAULT
dehlia
deidre
deina
deirdre
deja
deklan
del
dela
delainey
delana
delancey
delaney
delanie
delano
delany
delbert
delcina
delcine
delfin
delia
delila
delilah
delina
delinda
delisle
dell
della
delle
delly
delmar
delmer
delmor
delmore
delora
delores
deloria
deloris
delphine
delphinia
delvin
demet
demeter
demetra
demetre
demetri
demetria
demetris
demetrius
demi
demo
DEMO
demo@1.com
demo@126.com
demo@163.com
demo@163.net
demo@dingtalk.com
demo@gmail.com
demo@hotmail.com
demo@mail.com
demo@qq.com
demo@test.com
demo@yahoo.com
demo1
DEMO1
demo2
DEMO2
demo3
DEMO3
demo4
DEMO4
demo5
demo6
demo7
demo8
DEMO8
demo9
demoadmin
demos
demotest
demott
demouser
den
dena
dene
dengbo
dengchao
dengfei
dengfeng
denggang
denghua
denghui
dengjie
dengjing
dengjun
dengkai
denglei
dengli
dengliang
dengmin
dengpeng
dengping
dengqiang
dengtao
dengwei
dengyan
dengying
dengyong
dengyu
deni
denice
deniece
denis
denise
denna
dennet
denney
denni
dennie
dennis
dennison
denny
denver
deny
denys
denyse
denzel
denzil
deon
deonne
deploy
deployment
dept
der
der-chang
derby
derek
deri
derica
derick
derik
derin
derk
dermot
derrek
derrick
derrik
derril
derron
derry
derward
derwin
deryck
des
desdemona
deshaun
deshawn
desi
design
desirae
desire
desiree
desiri
deskalt
deskman
desknorm
deskres
desmond
desmund
DESQUETOP
dessa
destinee
destiny
detlef
detlev
dev
deva
devan
develop
developer
developers
development
devi
device
devin
devina
devinne
devland
devlen
devlin
devon
devondra
devonna
devonne
devop
devops
devora
devorah
devserver
devsql
devy
devyn
dew
dewain
dewayne
dewey
dewi
dewie
dewitt
dex
dexter
dhansukh
dhanvinder
dhawal
dhcp
dhiraj
dhiren
dhs3mt
dhs3pms
di
dia-edin
diag
diahann
dialup
diamond
dian
diana
diandra
diane
diane-marie
dianemarie
diann
dianna
dianne
diannne
diarmid
diarmuid
dick
dickens
dickie
dicky
didani
didar
didi
didier
dido
diego
dien
diena
dierdre
dieter
dietrich
dieuwertje
digby
diju
dilan
dilip
dill
dillie
dillon
dilly
dilpreet
dilys
dimitra
dimitri
dimitrios
dimitry
dina
dinah
dineke
dinesh
dingbo
dingchao
dingchen
dingding
dingfang
dingfei
dingfeng
dinghao
dinghong
dinghua
dinghui
dingjian
dingjianguo
dingjianhua
dingjie
dingjing
dingjun
dingkai
dinglei
dingli
dingliang
dinglin
dingling
dingmin
dingming
dingna
dingning
dingpeng
dingping
dingqiang
dingrui
dingtao
dingwei
dingwen
dingxia
dingxu
dingxue
dingyan
dingyi
dingying
dingyong
dingyu
dinh
dinker
dinnie
dinny
dino
dion
dione
dionis
dionisio
dionne
dionysus
dior
DIRECT
dirk
DIRMAINT
dis
discover
DISKCNT
distccd
disttech
dita
dix
dixie
dixon
django
djenana
djordje
dmitri
dmz
dnadoc
dni
dniren
dnsmasq
dnsproj
do
doc
docker
dode
dodi
dodie
dody
doe
dolf
doll
dolley
dolli
dollie
dolly
dolores
dolorita
doloritas
dolph
dom
domenic
domenick
domenico
domeniga
dominga
domingo
domini
dominic
dominica
dominick
dominik
dominique
don
dona
donal
donald
donall
donalt
donatella
donato
donaugh
donavon
donella
donelle
donetta
dongbo
dongchao
dongfang
dongfei
dongfeng
donggang
donghao
donghua
donghui
dongjian
dongjianhua
dongjianjun
dongjie
dongjing
dongjun
dongkai
donglei
dongleilei
dongli
dongliang
donglin
dongling
dongmei
dongmin
dongming
dongna
dongning
dongpeng
dongping
dongqiang
dongtao
dongwei
dongxia
dongxin
dongxu
dongxue
dongyan
dongyi
dongying
dongyong
dongyu
dongzhigang
dongzhiqiang
donia
donica
donielle
donita
donn
donna
donnajean
donnamarie
donnell
donnette
donni
donnice
donnie
donny
donovan
door
doortje
dora
doralia
doralin
doralyn
doralynn
doralynne
dore
doreen
dorelia
dorella
dorelle
dorena
dorene
doretta
dorette
dorey
dori
doria
dorian
doriana
dorice
dorie
dorin
dorinda
dorine
doris
dorisa
dorise
dorita
dorla
doro
dorolice
dorolisa
dorotea
doroteya
dorothea
dorothee
dorothy
dorree
dorreen
dorri
dorrie
dorris
dorry
dorthea
dorthy
dory
dosi
dot
doti
dotti
dottie
dotty
doug
dougie
douglas
douglass
dougy
dov
dovecot
dowell
download
doy
doyle
dpn
dpnis
dpnlab
dradis
drago
drake
draven
drayden
dre
dreddy
dredi
drew
drieka
drona
dru
druci
drucie
drucill
drucy
drud
drudy
drugi
drusi
drusie
drusilla
drusy
DS
DSA
du-tuan
duanchao
duane
duanjiao
duanlei
duanlian
duanran
duanwei
duanyong
duanzuhan
duban
dubin
dubo
duc
duchao
dud
dudan
dudley
dufang
dufei
dufeng
duff
duffie
duffy
dug
dugald
dugang
duhong
duhua
duhui
dujiang
dujianjun
dujie
dujing
dujuan
dujun
dukai
duke
dukey
dukie
duky
dulce
dulcea
dulci
dulcia
dulciana
dulcie
dulcine
dulcinea
dulcy
dulei
duli
duliang
dulin
duljit
dulsea
dumin
duming
dun
dunc
duncan
dung
duning
dunn
dunstan
duong
dupeng
duping
dupuy
duqiang
duquette
dur
durali
durand
durant
durantaye
durante
durward
duryonna
dusan
dustin
dusty
dutao
dutch
duwei
duy
duyan
duyang
duyong
duyu
dvm
dvs
dwain
dwaine
dwayne
dwight
dyan
dyana
dyane
dyann
dyanna
dyanne
dyke
dylan
dympna
dyna
dynah
dzung
eabha
eachelle
eada
eadie
eadith
eadmund
eal
ealasaid
eamon
eamonn
earl
earle
earlene
earlie
earline
early
EARLYWATCH
earnest
earnestine
eartha
earvin
eason
easter
easton
eastreg
eb
eba
ebba
eben
ebeneser
ebenezer
eberhard
eberto
ebonee
ebony
ebrahim
ec2-user
echo
ecocafe
ed
eda
edan
edd
eddi
eddie
eddy
ede
edee
edel
edeline
eden
edgar
edgard
edgardo
edi
edie
edik
edin
edison
edita
edith
editha
edithe
ediva
edlene
edlin
edlyn
edmon
edmond
edmund
edmundo
edmx
edna
edouard
edric
edsel
edson
edu
eduard
eduardo
eduino
edurne
edvard
edward
edwardo
edwin
edwina
edy
edyta
edyth
edythe
efdal
effie
efrain
efrem
efrén
efren
egan
egbert
egon
egor
ehab
ehi
eibhlin
eiji
eileen
eilidh
eilis
eilish
eimear
eimile
eireann
eirena
eirik
eisley
ekaterina
el
eladio
elaina
elaine
elana
elane
elayne
elba
elbert
elberta
elbertina
elbertine
elda
elden
eldin
eldon
eldredge
eldridge
eleanor
eleanora
eleanore
electra
eleen
elektra
elen
elena
elene
eleni
elenore
eleonor
eleonora
eleonore
elex
elfie
elfreda
elfrida
elfrieda
elga
elhamy
eli
elia
elian
eliana
elianora
elianore
elías
elias
elicia
elida
elie
eliezer
elihu
elijah
elin
elina
eline
elinor
elinore
elio
eliot
elisa
elisabet
elisabeth
elisabetta
elise
elisha
elissa
elita
eliza
elizabet
elizabeth
elizalde
elka
elke
ella
elladine
ellary
elle
elleke
ellen
ellene
ellerey
ellery
ellette
elli
elliana
ellie
ellington
elliot
elliott
ellis
ellissa
ellswerth
ellsworth
ellwood
elly
ellyn
ellynn
elma
elmar
elmer
elmira
elmo
elmore
elna
elnar
elnora
elnore
elodie
elody
eloísa
eloisa
eloise
elon
elonore
elora
elouise
eloy
elpida
elroy
els
elsa
elsbeth
else
elset
elsey
elsi
elsie
elsinore
elspeth
elston
elsworth
elsy
elton
eluned
elva
elvera
elvert
elvia
elvin
elvina
elvira
elvis
elvyn
elwin
elwira
elwood
elwyn
ely
elyn
elyse
elysee
elysha
elysia
elyssa
elyza
elza
elzbieta
em
ema
emad
email
emalee
emalia
emanuel
emanuela
emanuele
ember
emelda
emelen
emelia
emelina
emeline
emelita
emely
emelyne
emer
emera
emerald
emerson
emery
emet
emi
emil
emilda
emile
emilee
emili
emilia
emiliano
emilie
emiline
emilio
emily
emlen
emlyn
emlynn
emlynne
emma
emmalee
emmaline
emmalyn
emmalynn
emmalynne
emmanuel
emmanuela
emmanuelle
emmeline
emmerich
emmerson
emmery
emmet
emmett
emmey
emmi
emmie
emmit
emmott
emmy
emmye
emogene
emory
emp
EMP
empdb
employee1
employee2
employee3
emr
emran
emyle
emylee
ena
enable
encarna
encarnación
ende
ender
endrick
eneko
eng
engbert
engelbert
engin
engineer2
engineer3
englebert
engracia
enid
enis
enna
ennio
ennis
enoch
enos
enquiry
enrica
enrichetta
enrico
enrika
enrique
enriqueta
enrol
enver
envoy
enya
enzo
eoghan
eoin
eolanda
eolande
ephraim
ephrayim
ephrem
epifanía
eran
erasmus
erastus
erda
erdem
erek
erena
EREP
erhard
erhart
eric
erica
erich
ericha
erick
ericka
erie
erik
erika
erin
erina
erinn
erinna
eris
erkan
erl
erle
erlene
erma
ermanno
ermenegildo
ermengarde
ermentrude
ermin
ermina
erminia
erminie
ermo
erna
ernaline
ernest
ernesta
ernestine
ernesto
ernestus
ernie
erning
ernst
erny
errick
errol
erroll
erskine
ertan
ertha
erv
ervin
erwin
eryn
erzsebet
es
esam
esdras
esko
esma
esmail
esmaria
esmay
esme
esmeralda
esmond
esparanza
esperanza
esra
essa
essam
ESSEX
essie
essy
esta
esteban
estee
estefanía
estel
estela
estele
estell
estella
estelle
ester
estevan
esther
estrella
estrellita
etan
etas
ethan
ethe
ethel
ethelbert
ethelda
ethelin
ethelind
etheline
ethelred
ethelyn
ethen
ethyl
etienne
etta
etti
ettie
ettore
etty
euan
eudora
euell
euen
eugen
eugene
eugenia
eugenie
eugenio
eugenius
eugine
eula
eulalia
eulalie
eunice
euphemia
europa
eusebio
eustace
eustacia
ev
eva
evaleen
evaline
evan
evangelia
evangelin
evangelina
evangeline
evangelo
evangelos
evania
evanne
evans
evaristo
eve
eveleen
evelien
evelin
evelina
eveline
evelyn
even
EVENT
everard
evered
everett
everette
everly
evert
evette
evey
evie
evin
evita
evona
evonne
evran
evvie
evvy
evy
evyn
ewan
eward
ewart
ewell
ewen
ExchAdmin
exchange
exchangeadmin
exim
expert
export
exsi
exsiadm
exsiadmin
ext
eyan
eyde
eydie
eyk
eyougw
eyouuser
ezechiel
ezekiel
ezella
ezequiel
eziechiele
ezio
ezmae
ezmeralda
ezra
ezri
Ezsetup
EZsetup
fabe
faber
fabián
fabian
fabiano
fabien
fabienne
fabio
fabiola
fabrizia
facundo
fadi
fady
fae
fahim
fai
faina
fair
fairfax
fairleigh
fairlie
fairy
faisal
faith
faiz
faizal
fal
falito
falkner
fallon
faly
famke
fan
fanchao
fanchette
fanchon
fancie
fancy
fanechka
fangbo
fangchao
fangfang
fanggang
fanghao
fanghong
fanghua
fanghui
fangjian
fangjie
fangjing
fangjun
fanglei
fangli
fangliang
fangling
fangmin
fangming
fangping
fangqiang
fangtao
fangwei
fangxu
fangyan
fangyi
fangyong
fangyu
fangyuan
fangzheng
fangzhou
fanhua
fania
fanjie
fanjing
fanjun
fanlei
fanleilei
fanli
fanmin
fanming
fanni
fannie
fanny
fanqiang
fanrong
fanshuji
fantao
fanwei
fanya
fanyong
far
fara
farag
farah
farand
fares
farhad
farhan
fariba
fariborz
farica
farid
farlay
farlee
farleigh
farley
farlie
farly
farooq
farouk
farr
farra
farrah
farrand
farrel
farrell
farris
farrukh
farshid
faruk
farzad
farzin
fast
fastmer
fastowl
fátima
fatima
faulkner
faun
faunie
faustina
faustine
faustino
fausto
fawn
fawne
fawnia
fax
FAX
FAXUSER
FAXWORKS
fay
faydra
faye
fayette
fayina
fayma
fayre
fayth
faythe
faz
fe
fearless
febian
federica
federico
fedora
fedra
fee
fei
fei-yin
fekri
felecia
felic
felicdad
felice
felicia
feliciano
felicidad
felicio
felicity
felicle
felike
feliks
felipa
felipe
felisa
felisha
felita
félix
felix
feliza
felizio
felton
femke
fenelia
feng
fengbin
fengbo
fengchao
fengchen
fengdan
fengfei
fengfeng
fenggang
fenghaiyan
fenghao
fenghua
fenghui
fengjia
fengjian
fengjianhua
fengjianjun
fengjie
fengjing
fengjun
fengkai
fenglei
fengleilei
fengli
fengliang
fenglin
fengling
fengmei
fengmin
fengming
fengna
fengping
fengqiang
fengtao
fengwei
fengxia
fengxu
fengxue
fengyan
fengyang
fengyi
fengying
fengyong
fengyu
fengyun
fengzhigang
fengzhiqiang
fenton
feodor
feodora
ferd
ferdie
ferdinand
ferdinanda
ferdinande
ferdy
fereidoon
fergal
fergus
ferguson
feridoun
ferland
fermín
fermina
fern
fernand
fernanda
fernande
fernandina
fernando
ferne
ferrel
ferrell
ferris
fey
feynman
ffion
fia
fiann
fianna
fidel
fidela
fidelia
fidelio
fidelity
fidole
field
FIELD
fielding
fields
fifi
fifine
fikre
fil
filbert
filberte
filberto
files
filia
filibert
filide
filion
filip
filippa
filippo
filmer
filmore
filomena
fima
fin
fina
finance
FINANCE
finbar
findlay
findley
finlay
finley
finn
finnian
finnigan
fintan
fion
fiona
fionan
fionn
fionna
fionnula
fiora
fiore
fiorenze
firat
firewall
fitness
fitz
fitzgerald
fitzroy
flavia
fleet
flem
fleming
flemming
fletch
fletcher
fleur
fleurette
flick
flin
flinn
flint
flo
flor
flora
florance
flore
florella
florence
florencia
florentia
florentina
florenza
florette
flori
floria
florian
florida
florie
florina
florinda
florine
floris
florri
florrie
florry
flory
floss
flossi
flossie
flossy
floyd
flss
flying
flynn
fmary
FND
foad
focus
follick
fonnie
fons
fonsie
fonz
fonzie
forbes
ford
forest
forester
forrest
forrester
forster
fortunata
fortunato
foss
foster
fotini
fouad
four
fowler
fox
fqa
fran
franc
france
francene
frances
francesc
francesca
francesco
franchot
francine
francis
francisca
francisco
franciscojavier
franciscojosé
franciska
franciskus
francklin
francklyn
franco
francois
francoise
francyne
frank
franka
franki
frankie
franklin
franklyn
franky
franni
frannie
franny
frans
fransisco
frantisek
frants
franz
franza
franzen
frasco
fraser
frasier
frasquito
frayda
fraze
frazer
frazier
fred
freda
freddi
freddie
freddy
fredek
fredelia
frederic
frederica
frederich
frederick
fredericka
frederico
frederigo
frederik
frederika
frederique
fredi
fredia
fredra
fredric
fredrick
fredrika
free
freebsd
freedman
freek
freeland
freeman
freemon
freida
fremont
freya
frida
frieda
friederike
friedrich
friedrick
frinel
fritz
froukje
fscocos
FSFADMIN
FSFTASK1
FSFTASK2
ftp
ftpadmin
ftpbackup
ftpguest
ftphome
ftpmail
ftpsecure
ftptest
ftpuser
fu-shin
fuchao
fuensanta
fugang
fujia
fujie
fujing
fujun
fulei
fulgencio
fuli
fulton
fulvia
fumin
fung
fupeng
fuqiang
furrukh
futao
fuwei
fuyong
fuzal
fw
fwadmin
fwp
fwpas
fwpreg
fwuser
fynn
gaal
gabbey
gabbi
gabbie
gabby
gabe
gabey
gabi
gabie
gabriel
gabriela
gabriele
gabriell
gabriella
gabrielle
gabriellia
gabriello
gabrila
gaby
gae
gael
gaelan
gaetan
gaffney
gage
gahn
gaia
gaige
gail
gaile
gailya
gajendra
gal
gala
gale
gale 
galen
galena
galina
gallagher
gallard
galvan
galven
galvin
gama
gamaliel
games
gan
ganesh
ganlei
ganlu
gannie
gannon
ganny
ganquan
gant
ganyong
gaobin
gaobing
gaobo
gaochao
gaochen
gaodan
gaodandan
gaof
gaofan
gaofang
gaofei
gaofeng
gaoge
gaohaifeng
gaohaijun
gaohaitao
gaohaiyan
gaohang
gaohong
gaohongmei
gaohongwei
gaohua
gaohuan
gaohui
gaojia
gaojian
gaojianguo
gaojianhua
gaojianjun
gaojianping
gaojie
gaojing
gaojun
gaojunjie
gaokai
gaokun
gaole
gaolei
gaoleilei
gaoli
gaoliang
gaolili
gaolin
gaolina
gaoling
gaolingling
gaolong
gaomei
gaomin
gaoming
gaona
gaoning
gaopan
gaopeng
gaopengfei
gaoping
gaoqiang
gaoqin
gaoqing
gaoqun
gaorong
gaorui
gaoshan
gaoshang
gaosheng
gaoshuai
gaoshuang
gaosong
gaotao
gaowei
gaowen
gaoxia
gaoxiang
gaoxin
gaoxing
gaoxu
gaoxue
gaoya
gaoyan
gaoyang
gaoyi
gaoying
gaoyong
gaoyu
gaoyuan
gaoyun
gaoyunfei
gaoyunfeng
gaozhigang
gaozhiqiang
gar
garald
garan
gard
gardener
gardenia
gardie
gardiner
gardner
gardy
gare
garek
gareth
garey
garfield
garik
garland
garman
garner
garnet
garnette
garney
garo
garold
garrard
garrek
garret
garreth
garrett
garrick
garrik
garrison
garrot
garrott
garry
garth
garv
garvey
garvin
garvy
garwin
garwood
gary
gaspar
gaspard
gasparo
gasper
gaston
gates
gateway
GATEWAY
gaultiero
gauthier
gav
gavan
gaven
gavi
gavin
gavira
gavra
gavrielle
gawain
gawen
gay
gaye
gayel
gayelord
gayl
gayla
gayle
gayleen
gaylene
gayler
gaylor
gaylord
gaynor
gayronza
GCS
gdm
ge
gearalt
gearard
gedas
gee
gee-meng
geena
geer
geetha
geety
gefei
gefeng
geir
gejun
gelais
gelei
geliang
gelya
gema
gemma
gen
GEN1
GEN2
gena
gene
general
genesis
geneva
genevieve
genevra
genga
gengtao
genia
genna
genni
gennie
gennifer
genny
geno
genovera
genoveva
genowefa
genvieve
geoclue
geoff
geoffrey
geoffry
georas
geordie
georg
georganne
george
georgeann
georgeanna
georgeanne
georgena
georges
georgeta
georgetta
georgette
georgi
georgia
georgiana
georgianna
georgianne
georgie
georgina
georgine
georgy
ger
geraint
gerald
geralda
geraldine
geralene
gerard
gerardjan
gerardo
gerben
gerber
gerda
gerek
gerhard
gerhardine
gerhardt
geri
gerianna
gerianne
gerick
gerik
gerladina
germ
germain
germaine
germán
germana
germayne
gernot
gerome
gerrard
gerri
gerrie
gerrilee
gerrit
gerry
gert
gerta
gerti
gertie
gertrud
gertruda
gertrude
gertrudis
gerty
gery
gethin
gewei
geza
gf
gfeng
ghassan
ghassem
gheorghe
gherardo
ghislain
ghislaine
gia
giacinta
giacobo
giacomo
giacopo
giambattista
giampaolo
gian
giana
giang
gianina
gianna
gianni
giavani
gib
gibb
gibbie
gibby
gibson
gideon
giff
giffard
giffer
giffie
gifford
giffy
gigi
gihan
gil
gilbert
gilberta
gilberte
gilbertina
gilbertine
gilberto
gilburt
gilda
gilemette
giles
gill
gillan
gilles
gilli
gillian
gillie
gilligan
gilly
gimena
gin
gina
ginebra
ginelle
ginette
ginevra
ginger
gini
ginn
ginni
ginnie
ginnifer
ginny
gino
gint
gio
gioconda
giordano
giorgi
giorgia
giorgio
giovanna
giovanni
gipsy
giralda
giraldo
giraud
giri
girish
gisela
giselbert
giselda
gisele
gisella
giselle
gisselle
git
gita
giuditta
giulia
giulietta
giulio
giuseppe
giustina
giustino
giusto
gizela
glad
gladi
gladis
gladys
glass
gleda
glen
glenda
glenden
glendon
glenine
glenn
glenna
glennie
glennis
glenys
glori
gloria
gloriana
gloriane
glornia
glory
glyn
glynda
glyndwr
glynis
glynn
glynnis
gnats
gnni
gnome-initial-setup
go
godard
godart
goddard
goddart
godfree
godfrey
godfry
godiva
godofredo
godric
godwin
goel
gokal
gokul
gokul-chandra
golda
goldarina
goldi
goldia
goldie
goldina
goldwyn
goldy
gongchengshi
gongchengshi1
gongchengshi2
gongchengshi3
gonzales
gonzalo
gonzo
goober
gopal
gopher
goran
goraud
gord
gordan
gorde
gorden
gordie
gordon
gordy
goska
gothart
gottfried
goutam
GPFD
GPLD
grace
gracelyn
gracia
gracie
graciela
gracinda
graciosa
gracomda
gradeigh
gradey
grady
graehme
graeme
graham
graig
grainne
gram
grame
gran
grange
granger
grannie
granny
grant
grantham
granthem
grantley
granville
grason
grata
gratia
gratiana
gray
grayce
grayson
grazia
grecia
greer
greet
greg
gregg
greggory
gregoire
gregoor
gregor
gregoria
gregorio
gregorius
gregory
grenville
greta
gretal
gretchen
grete
gretel
grethel
gretna
gretta
grey
greyson
grier
griet
grietje
griff
griffie
griffin
griffith
griffy
gris
griselda
grissel
griswold
griz
gropher
grove
grover
grzegorz
guadalupe
gualterio
guanjian
guanli1
guanli2
guanli3
guanliyuan
guanwei
guanxin
guanyun
guchao
gudrun
guendolen
guenevere
guenna
guenther
guest
GUEST
guest01
guest02
guest03
guest1
guest2
guest3
gufei
gufeng
guglielma
guglielmo
guhao
guhong
guhua
guhui
gui
guía
guido
guilbert
guilford
guillaume
guille
guillem
guillema
guillemette
guillermina
guillermo
guinevere
guinna
gujia
gujian
gujianguo
gujianhua
gujie
gujing
gujun
gukai
gulei
guleilei
guli
gulin
gulliver
gumin
guming
gun
gunar
gunars
guner
gunfer
gunilla
guning
gunnar
gunner
guntar
gunter
gunther
guo-qiang
guobin
guobing
guobo
guochao
guochen
guodan
guodandan
guodong
guofang
guofei
guofeng
guogang
guohai
guohaifeng
guohaijun
guohaitao
guohaiyan
guohao
guohong
guohongmei
guohongwei
guohua
guohui
guojia
guojian
guojianguo
guojianhua
guojianjun
guojianping
guojianwei
guojie
guojing
guojingjing
guojun
guojunjie
guokai
guolei
guoleilei
guoli
guoliang
guolili
guolin
guolina
guoling
guolingling
guoliping
guolong
guomei
guomin
guoming
guona
guoning
guopeng
guopengfei
guoping
guoqiang
guoqing
guorong
guorui
guoshuai
guoshuang
guosong
guotao
guowei
guoweidong
guowen
guoxia
guoxiang
guoxiao
guoxiaodong
guoxiaoyan
guoxin
guoxu
guoyan
guoyang
guoyi
guoying
guoyong
guoyu
guoyun
guozhen
guozhenhua
guozhigang
guozhiqiang
guozhiyong
gupeng
guping
gupta
guqiang
guqing
gurcharan
gurdip
gurjinder
gurjit
gurmeet
gursharan
gurvinder
gus
gusella
guss
gussi
gussie
gussy
gusta
gustaf
gustav
gustave
gustavo
gustavus
gusti
gustie
gusty
gutao
guthrey
guthrie
guthry
guwei
guy
guyan
guying
guylain
guylaine
guyong
guyu
guzmán
gwain
gwen
gwenda
gwendolen
gwendolin
gwendolyn
gweneth
gwenette
gwenneth
gwenni
gwennie
gwenny
gwennyth
gwenora
gwenore
gwyn
gwyneth
gwynith
gwynn
gwynne
gypsy
gyula
gzl
h3c
ha
habeeb
habib
habiba
hack-hoo
had
hada
haden
hadi
hadlee
hadleigh
hadley
hadmin
hadria
hadrian
hady
hafeezah
hagan
Hagdaudit
hagen
haggar
hai
haiden
haig
hailee
hailey
haily
hakan
hakeem
hakim
hal
hala
haldaemon
hale
haleigh
halette
haley
hali
halie
halimeda
halina
hall
halle
halley
halli
hallie
hallsy
hally
halsey
halsy
halt
ham
hamel
hamid
hamil
hamilton
hamish
hamlen
hamlin
hammad
hamnet
hamzeh
han
han-co
han-van
hana
hanan
hanbin
hanbing
hanbo
hanchao
hanco
handan
handoko
handong
hanfang
hanfei
hanfeng
hang-tong
hangang
hanguang
hanh
hanhan
hanhb
hanhong
hanhua
hanhui
hanja
hanjia
hanjian
hanjianguo
hanjianhua
hanjianjun
hanjie
hanjing
hanjun
hank
hankai
hanlei
hanleilei
hanli
hanliang
hanlin
hanling
hanlong
hanlu
hanmei
hanmin
hanming
hanna
hannah
hanneke
hanni
hannibal
hannie
hanning
hannis
hanns
hanny
hanpeng
hanping
hanqiang
hans
hanshuai
hansiain
hanson
hansong
hantao
hanwei
hanxia
hanxiao
hanxiaodong
hanxu
hanxue
hanyan
hanyang
hanyi
hanying
hanyong
hanyu
hanyun
hanzhigang
hanzhiqiang
happy
harald
harbert
harcourt
hardy
hardyal
hareton
hari
harinder
harish
harlan
harland
harleigh
harlen
harlene
harley
harli
harlie
harlin
harm
harman
harmi
harmon
harmonia
harmonie
harmony
harold
haroon
haroun
harp
harpal
harper
harpreet
harri
harrie
harriet
harriett
harrietta
harriette
harriot
harriott
harris
harrison
harry
hart
hartley
hartwell
haruko
harv
harvey
harwell
harwilll
hasheem
hashim
haskel
haskell
hasler
haslett
hassan
haste
hastie
hastings
hasty
hatti
hattie
hatty
haven
hayden
haydon
hayes
haylee
hayley
hayward
haywood
hayyim
haze
hazel
hazeline
hazem
hazlett
he
heall
heath
heather
heaven
hebert
hebin
hebing
hebo
hechao
hechuan
héctor
hector
heda
hedan
hedda
heddi
heddie
heddy
hedi
hedong
hedvig
hedvige
hedwig
hedwiga
hedy
hefang
hefei
hefeng
hegang
hehaiyan
hehao
hehua
hehuan
hehui
heida
heidi
heidie
heike
heindrick
heino
heinrick
heinrik
heinz
hejia
hejian
hejiang
hejianguo
hejianhua
hejianjun
hejianping
hejie
hejin
hejing
hejun
hekai
helaina
helaine
helda
heleen
helei
heleilei
helen
helen-elizabeth
helena
helene
helenelizabeth
helenka
helga
helge
heli
heliang
helin
helina
heling
heliodoro
hellen
helli
hellmut
HELLO
helma
helmut
helmuth
heloise
helong
help
HELP
helpdesk
HELPDESK
helsa
helyn
hemant
hemei
hemiao
hemin
heming
hena
henderson
hendra
hendrick
hendrik
hendrika
hendrix
hengameh
hening
henk
henka
henley
hennie
hennrietta
henny
henri
henrie
henrieta
henrietta
henriette
henrik
henrika
henry
henryetta
hensley
hepeng
hephzibah
heping
hepsiba
heqiang
heqin
heqing
heqiong
hera
heraclio
herb
herbert
herbie
herby
herc
hercule
hercules
herculie
heriberto
herman
hermann
hermia
hermie
hermien
hermina
hermine
herminia
hermione
hermon
hermy
hernan
hernandez
hernando
herold
herre
herrick
herronald
hersch
herschel
hersh
hershel
herta
hertha
herve
hervey
hesham
heshan
hester
hesther
hestia
heston
hetao
hetti
hettie
hetty
hew
hewe
hewei
hewen
hewet
hewett
hewie
hewitt
hewlet
hexia
hexiang
hexiaodong
hexiaoping
hexin
hexu
heyan
heyang
heyi
heying
heyong
heyu
heyun
heywood
hezekiah
hezhigang
hezhiqiang
hezq
hh
hi
hideki
hideo
hien
hieronymus
hilaria
hilario
hilarión
hilarius
hilary
hilda
hildagard
hildagarde
hilde
hildegaard
hildegard
hildegarde
hildy
hill
hillard
hillary
hillel
hillery
hilliard
hilliary
hillie
hillier
hillstone
hilly
hillyer
hilmi
hilton
himanshu
hin-wai
hinda
hing
hing-fai
hinze
hipólita
hiram
hiren
hiroki
hiroko
hirooki
hiroshi
hirsch
hitoshi
hm
hmin
ho
hoa
hoa-van
hoang
hobard
hobart
hobey
hobie
hock
hodge
hoebart
hoekstra
hogan
hoi-kin
hojjat
holden
holli
hollie
hollis
holly
holly-anne
hollyanne
holmes
holst
holt
homa
homayoon
homer
homere
homero
homerus
hon-kong
honesty
honey
hong
hongbinbin
hongbo
hongfeng
hongjun
honglei
hongliang
hongmei
hongtao
hongwei
hongxia
hongyan
hongzhi
honor
honorata
honorato
honoria
honorio
honour
hoog
hooi-lee
hope
hor-lam
horace
horacio
horatia
horatio
horatius
horst
hort
horten
hortense
hortensia
horton
hossein
HOST
hot
hotline
houbo
houjian
houjiao
houjie
houjing
houjun
houlei
houmin
houpeng
houqiang
housseini
houtao
houwei
houyong
houzuhan
how
how-kee
howard
howden
howey
howie
hoy
hoyt
HPLASER
hplip
hpone
hq
hqs
hr
hrdata
hrinfo
hsieh
hsin-shi
hsing-ju
hsmpadmin
hsqldb
htd
html
http
httpd
huan
huan-yu
huangbiao
huangbin
huangbing
huangbo
huangcan
huangchao
huangchen
huangcheng
huangchunhua
huangchunyan
huangcong
huangdan
huangdandan
huangdong
huangdongmei
huangfang
huangfei
huangfeng
huanggang
huangguohua
huangguoping
huangguoqiang
huanghai
huanghaibo
huanghaifeng
huanghaijun
huanghailong
huanghaitao
huanghaiyan
huanghao
huanghe
huanghong
huanghua
huanghuan
huanghui
huangjia
huangjian
huangjiang
huangjianguo
huangjianhua
huangjianhui
huangjianjun
huangjianming
huangjianping
huangjianwei
huangjianxin
huangjianzhong
huangjie
huangjin
huangjing
huangjingjing
huangjinhua
huangjinlong
huangjun
huangjunjie
huangkai
huangkun
huanglei
huangleilei
huangli
huangliang
huanglihua
huanglijun
huanglilei
huanglili
huanglin
huanglina
huangling
huanglingling
huangliping
huanglixin
huanglong
huangm
huangmei
huangmin
huangming
huangna
huangning
huangpeng
huangpengfei
huangping
huangqiang
huangqin
huangqing
huangqiong
huangqun
huangrong
huangrui
huangshan
huangshanshan
huangshaohua
huangsheng
huangshuai
huangsong
huangtao
huangw
huangwei
huangweidong
huangwen
huangwenhua
huangwenjie
huangwenlei
huangxia
huangxiang
huangxiao
huangxiaodong
huangxiaofeng
huangxiaohong
huangxiaohua
huangxiaoling
huangxiaoming
huangxiaoping
huangxiaoyan
huangxin
huangxing
huangxinhua
huangxiuying
huangxu
huangxudong
huangxuemei
huangxy
huangy
huangyan
huangyang
huangyi
huangying
huangyong
huangyu
huangyue
huangyuhua
huangyun
huangzhe
huangzhen
huangzheng
huangzhenhua
huangzhi
huangzhigang
huangzhihua
huangzhijian
huangzhijun
huangzhiming
huangzhiqiang
huangzhiwei
huangzhiyong
huangzhong
huawei
hube
hubert
huberto
hubey
hubie
hubin
hubing
hubo
huchao
huchen
huck
hudai
hudan
hudandan
hudie
hudong
hudson
huelsman
huey
hufang
hufei
hufeng
hugang
hugh
hughie
hugibert
hugo
hugues
huguette
huguohua
huguoqiang
huhai
huhaibo
huhaifeng
huhaitao
huhaiyan
huhao
huhong
huhua
huhui
hui
huib
hujia
hujian
hujiang
hujianguo
hujianhua
hujianjun
hujianming
hujianping
hujie
hujin
hujing
hujingjing
hujun
hujunjie
hukai
hukam
hukun
hulda
hulei
huleilei
huli
huliang
hulin
huling
hulingling
hulst
humbert
humberto
humei
humfrey
humfrid
humfried
humin
huming
humphrey
huna
hunfredo
hung
hungquoc
huning
hunt
hunter
huntington
huntlee
huntley
huoj
huong
hupeng
hupengfei
huping
huppert
huqiang
huqin
huqing
huqiong
hurlee
hurleigh
hurley
hurong
hurui
husain
husein
hushan
hushanshan
hushuai
husong
hussein
hutao
huub
huuliem
huw
huwei
huweidong
huwen
huxia
huxiang
huxiao
huxiaodong
huxiaofeng
huxiaoming
huxiaoping
huxiaoyan
huxin
huxley
huxu
huxue
huy
huyan
huyang
huyen
huyi
huying
huyong
huyu
huyue
huyun
huzhigang
huzhijun
huzhiqiang
huzhiwei
huzhiyong
hw
hwei
hwei-ling
hxiuying
hxy
hy
hyacinth
hyacintha
hyacinthe
hyacinthia
hyacinthie
hyatt
hydrasna
hyman
hymie
hynda
hynek
hyong
hyung
hywel
I5rDv2b2JjA8Mm
iago
iain
ian
ianthe
ianto
ibai
ibbie
ibby
ibm
ibrahim
ichabod
ichiro
icy
icylyn
ida
idalia
idalina
idaline
idell
idelle
idette
IDMS
IDMSSE
idoia
idris
idt
idus
iesha
ieuan
ieystn
ifti
iggie
iggy
ignace
ignacio
ignacius
ignatius
ignaz
ignazio
igor
ihor
IIPS
ijff
ike
iker
ikey
ikram
ila
ilaire
ilan
ilario
ilda
ildefonso
ileana
ileane
ilene
iliana
ilise
ilka
illa
illinois
ILMI
ilona
ilsa
ilse
iluminada
ilya
ilysa
ilyse
ilyssa
image
images
imani
imap
imelda
immanuel
immy
imogen
imogene
imojean
imran
imre
imtaz
imtiaz
ina
inads
inam
inanc
ind
inderjit
india
indiana
indie
indigo
indira
indra
indy
ineke
inés
ines
inesita
inessa
inet
inetsim
inetuser
inez
info
INFO
infocenter
informix
inga
ingaberg
ingaborg
ingamar
ingar
inge
ingeberg
ingeborg
ingelbert
ingemar
inger
inglebert
inglis
ingmar
ingra
ingram
ingres
INGRES
ingrid
ingrim
ingunna
inigo
iñigo
init
inm
inma
inmaculada
inna
inness
innis
inocencio
inquire
insight
insightvm
inspector
install
installer
integration
integrator
IntraStack
IntraSwitch
ioan
ioana
iodine
iolande
iolanthe
iona
iorgo
iorgos
iormina
iosep
IPC
IPFSERV
ira
iraj
iratxe
irc
ireland
irena
irene
irice
irina
iris
irish
irita
irma
irv
irvin
irvine
irving
irwin
irwinn
isa
isaac
isaak
isabeau
isabel
isabela
isabelita
isabell
isabella
isabelle
isac
isacco
isador
isadora
isadore
isahella
isaiah
isaías
isaias
isak
isaura
iseabal
isha
ishaan
ishan
ishmael
isiah
isiahi
isidor
isidora
isidore
isidoro
isidro
isin
isis
isl
isla
ismael
ismail
isobel
isoft
isolde
isp
ISPVM
israel
issam
issi
issiah
issie
issy
it
itadm
itadmin
itadmins
italo
itc
itcenter
itch
itcmdb
itdb
itdev
itdoc
itdocs
iteam
itec
iteke
itenv
itm
itmanage
itmgr
itmsrv
itnet
itpub
ITS
its-eng
itscrm
itsec
itservice
itsm
itsoft
itsrv
itsupport
itsvc
itsys
itsystem
itsysuser
ittec
ittest
ituser
itwork
itworks
itzel
iva
iván
ivan
ivana
ivar
ive
iver
ives
ivett
ivette
ivie
ivo
ivon
ivona
ivonne
ivor
ivory
IVPM1
IVPM2
ivy
iwan
iwona
iws
iyanna
iyun
izaak
izabel
izabella
izak
izan
izaskum
izidora
izumi
izuru
izzie
izzy
j-francois
j2deployer
jaan
jabber
jabez
jabir
jacalyn
jace
jacek
jacenta
jacinda
jacinta
jacintha
jacinthe
jacinto
jack
jackelyn
jacki
jackie
jacklin
jacklyn
jackquelin
jackqueline
jackson
jacky
jaclin
jaclyn
jacob
jacoba
jacobo
jacoby
jacque
jacquelin
jacqueline
jacquelyn
jacquelynn
jacquenetta
jacquenette
jacques
jacquetta
jacquette
jacqui
jacquie
jacynth
jacynthe
jad
jada
jade
jaden
jadon
jadyn
jae
jael
jaelynn
jaffer
jag
jagat
jagdev
jagdish
jagger
jagjeet
jagjit
jago
jagriti
jai
jaida
jaiden
jaime
jaimie
jaina
jaine
jak
jake
jakie
jakob
jalen
jamaal
jamal
jaman
james
james 
james_michael
jameson
jamesy
jamey
jami
jamie
jamil
jamila
jamill
jamima
jamin
jamison
jamiya
jammal
jammie
jan
jana
janae
janaya
janaye
jancis
jandro
jandy
jane
janean
janeczka
janeen
janek
janel
janela
janell
janella
janelle
janene
janenna
janessa
janet
janeta
janetta
janette
janeva
janey
jania
janice
janick
janie
janifer
janina
janine
janio
janis
janith
janiya
janka
jann
janna
jannel
jannelle
jannie
janos
janot
janson
january
janusz
jany
jap
japan
jaquelin
jaquelina
jaqueline
jaquelyn
jaquenetta
jaquenette
jaquith
jarad
jard
jareb
jared
jaret
jarib
jarid
jariel
jarod
jaron
jarrad
jarred
jarret
jarrett
jarrid
jarrod
jarvis
jasbinder
jase
jasen
jashvant
jasmin
jasmina
jasmine
jason
jasper
jaspreet
jastinder
jasun
jasver
jatinder
jaume
java
javad
javed
javi
javid
javier
javon
jawad
jawaid
jax
jaxon
jaxson
jay
jaya
jayant
jayce
jayda
jayden
jaydon
jaye
jayendra
jayesh
jayla
jayleen
jaylen
jaylene
jaylin
jaylinn
jaylon
jaylynn
jayme
jaymee
jaymie
jayne
jaynell
jaynie
jayson
jazlyn
jazmín
jazmin
jazmine
jazz
jboss
jdavie
JDE
jderek
jean
jean-bernard
jean-claude
jean-denis
jean-francois
jean-guy
jean-jacques
jean-louis
jean-luc
jean-marc
jean-marie
jean-michel
jean-normand
jean-paul
jean-pierre
jean-robert
jean-roch
jean-yves
jeana
jeane
jeanelle
jeanette
jeanice
jeanie
jeanine
jeanna
jeanne
jeannette
jeannie
jeannine
jeannot
jeb
jebediah
jecho
jed
jedd
jeddy
jedediah
jediah
jedidiah
jeecg
jeevan
jeff
jefferey
jefferson
jeffery
jeffie
jeffrey
jeffry
jeffy
jehanna
jehu
jelene
jem
jemie
jemima
jemimah
jemma
jemmie
jemmy
jen
jena
jenda
jenelle
jenessa
jeni
jenica
jeniece
jenifer
jeniffer
jenilee
jenine
jenkins
jenn
jenna
jennee
jennette
jenni
jennica
jennie
jennifer
jennilee
jennine
jenny
jeno 
jens
jensen
jenson
jephthah
jerad
jerald
jeraldine
jeralee
jeramey
jeramie
jere
jereme
jeremiah
jeremías
jeremias
jeremie
jeremy
jeri
jericho
jermain
jermaine
jermayne
jeroen
jerome
jeromy
jerónimo
jerri
jerrie
jerrilee
jerrilyn
jerrine
jerrion
jerrold
jerrome
jerry
jerrylee
jersey
jervis
jerzy
jeslyn
jess
jessa
jessalin
jessalyn
jessamine
jessamyn
jesse
jessee
jesselyn
jessey
jessi
jessica
jessie
jessika
jessy
jester
jesús
jesus
jesusa
jet
Jetform
jeth
jethro
jett
jevan
jevin
jewel
jewell
jewelle
jey
jeydon
jian
jiangbo
jiangchao
jiangdan
jiangfan
jiangfei
jiangfeng
jianghai
jianghaitao
jianghao
jianghong
jianghua
jianghui
jiangjian
jiangjianhua
jiangjianjun
jiangjie
jiangjing
jiangjun
jiangkai
jianglei
jiangleilei
jiangli
jianglili
jianglin
jiangling
jianglong
jiangmin
jiangming
jiangna
jiangnan
jiangning
jiangpeng
jiangping
jiangshan
jiangtao
jiangwei
jiangwen
jiangxia
jiangxu
jiangxue
jiangyan
jiangyang
jiangyi
jiangying
jiangyong
jiangyu
jianli
jiao
jiaojian
jiaoyang
jijun
jill
jillana
jillane
jillayne
jilleen
jillene
jilli
jillian
jillie
jilly
jim
jimena
jimmie
jimmy
jimson
jin
jin-yun
jina
jinann
jinbo
jinchao
jindan
jinfang
jinfei
jinfeng
jing
jingang
jinhai
jinhao
jinhong
jinhua
jinhui
jinjian
jinjie
jinjing
jinjun
jinkai
jinlei
jinli
jinliang
jinling
jinlong
jinmei
jinmin
jinming
jinny
jinpeng
jinping
jinqiang
jinshan
jinsong
jintao
jinwei
jinxia
jinxing
jinyafang
jinyan
jinyi
jinying
jinyong
jinyu
jinzhe
jiri
jirina
jiwei
jixiang
jiyong
jlw
jo
jo ann
jo-ann
jo-anne
jo-marie
joachim
joan
joana
joane
joanie
joann
joanna
joannah
joanne
joannes
joannie
joao
joaqui
joaquím
joaquín
joaquin
job
jobey
jobi
jobie
jobina
joby
jobye
jobyna
jocelin
joceline
jocelyn
jocelyne
jochem
jock
jocko
jodee
jodi
jodie
jodine
jody
joe
joeann
joel
joela
joelie
joell
joella
joelle
joellen
joelly
joellyn
joelynn
joeri
joete
joey
johan
johann
johanna
johannah
johanne
johannes
john
john-jr
john-paul
john-sr
johna
johnath
johnathan
johnathon
johnette
johnna
johnnie
johnny
johny
joice
joji
jojo
joke
jolanda
jolee
joleen
jolene
joletta
joli
jolie
joline
joly
jolyn
jolynn
jon
jonah
jonás
jonas
jonathan
jonathon
jone
jonell
jonelle
JONES
joni
jonie
jonis
jonquil
jonthan
jonty
joo-euin
joo-geok
joon
jooran
jordain
jordan
jordana
jordanna
jordi
jordon
jordy
jordyn
jorey
jorgan
jorge
jori
jorie
jorja
jorrie
jorry
jory
jos
josanne
joscelin
josé
jose
joseangel
joseantonio
josee
josef
josefa
josefina
joseito
joseline
joseluis
joselyn
josemanuel
josemaria
josep
joseph
josepha
josephina
josephine
josey
josh
joshi
joshia
joshua
joshuah
josi
josiah
josias
josie
josine
joss
josselyn
jossine
josué
josue
josy
jourdain
jourdan
journey
jovan
jovita
joy
joya
joyan
joyann
joyce
joycelin
joydeep
joye
joyous
jozef
jozsef
jr
jsandye
juaky
juan
juana
juanan
juanantonio
juancarlos
juanita
juanjo
juanjosé
juanma
juanmanuel
juanramon
jud
judah
judas
judd
jude
judi
judie
judit
judith
juditha
judon
judy
judye
juergen
juheguojidongche
juieta
juile
jule
julee
jules
juli
julia
julián
julian
juliana
juliane
juliann
julianna
julianne
julie
julieanne
julien
julienne
juliet
julieta
julietta
juliette
julina
juline
julio
julissa
julita
julius
july
jun
juna
june
junette
jung
junia
junie
junina
juniper
junk
juno
junquera
juozas
jurek
jurg
jurgen
justa
justen
justice
justin
justina
justine
justinian
justinn
justino
justis
justo
justus
jutta
jyoti
k8s
kac
kacey
kacie
kacy
kade
kaden
kadence
kaela
kaelyn
kah-ming
kahaleel
kahlil
kai
kai-ming
kai-wai
kaia
kaiching
kaiden
kaidence
kaila
kaile
kailey
kailin
kailyn
kain
kaine
kaiser
kaitlin
kaitlyn
kaitlynn
kaja
kakalina
kaki
kala
kalai
kale
kalea
kaleb
kaleena
kaleigh
kalem
kali
kalia
kalie
kalil
kalila
kalin
kalina
kalinda
kalindi
kalista
kaliyah
kalle
kalli
kallie
kally
kalpit
kalvin
kalyan
kam
kam-suen
kamal
kamala
kaman
kambhampati
kambiz
kameko
kameron
kami
kamil
kamila
kamilah
kamillah
kaminsky
kamlesh
kamran
kamryn
kamyar
kana
kanata
kandace
kandy
kane
kang-yuan
kangjian
kangjie
kangjing
kangjun
kangkai
kangle
kanglei
kangning
kangwei
kania
kannan
kanu
kanya
kaori
kapsch
kara
kara-lynn
karaf
karalee
karalynn
karam
karan
kare
karee
kareem
karel
karen
karena
karenina
kari
karia
karie
karil
karilynn
karim
karin
karina
karine
kariotta
karis
karisa
karissa
karita
karl
karla
karlan
karlee
karleen
karlen
karlene
karlens
karlie
karlik
karlis
karlon
karlotta
karlotte
karly
karlyn
karmen
karna
karney
karol
karola
karole
karolien
karolina
karoline
karoly
karon
karrah
karrie
karry
karson
karsten
karter
kartik
kary
karyl
karylin
karyn
kas
kasey
kash
kasifa
kason
kaspar
kasper
kass
kassandra
kassem
kassey
kassi
kassia
kassidy
kassie
kast
kat
kata
katalin
katara
katarina
kataryna
kate
katee
katelyn
katelynn
katerina
katerine
katey
kath
katha
katharina
katharine
katharyn
kathe
katherin
katherina
katherine
katheryn
kathi
kathie
kathleen
kathlin
kathrerine
kathrine
kathryn
kathryne
kathy
kathye
kati
katia
katie
katina
katine
katinka
katja
katleen
katlin
katlyn
katniss
katrin
katrina
katrine
katrinka
katsumi
katsunori
katti
kattie
katuscha
katusha
katy
katya
kaushik
kay
kaya
kaycee
kayden
kaydence
kaye
kayla
kayle
kaylee
kayleigh
kaylen
kayley
kaylie
kaylil
kaylin
kaylyn
kayne
kayson
kaz
kazem
kazuhiko
kazuhito
kazuko
kazuo
kazuyuki
kdsxc
kean
keana
keane
keanu
keara
kearney
keary
keaton
kedah
kedrick
kee
keefe
keefer
keegan
keelan
keelby
keeley
keelia
keelin
keely
keen
keenan
keene
keep
kees
keir
keira
keisha
keith
kelbee
kelby
kelcey
kelci
kelcie
kelcy
kele
kelila
kelis
kellan
kellby
kellen
kelley
kelli
kellia
kellie
kellin
kellina
kellsie
kelly
kellyann
kelsey
kelsi
kelsie
kelsy
keltouma
kelvin
kelwin
kem
kemal
kemp
ken
kenan
kendal
kendall
kendell
kendra
kendre
kendrick
kendricks
kenji
kenley
kenn
kenna
kennan
kennedy
kenneth
kennett
kennie
kennith
kennon
kenny
kenon
kensey
kent
kentaro
kenton
kenya
kenyon
kenzie
keon
ker
kera
kerby
keri
kerian
keriann
kerianne
kerk
kermie
kermit
kermy
kernoops
kerr
kerri
kerri-ann
kerrie
kerrill
kerrin
kerry
kerstin
kerwin
kerwinn
kesha
kesley
keslie
kessel
kessia
kessiah
kessley
ketan
ketti
kettie
ketty
kev
kevan
keven
kevin
kevina
kevon
kevyn
keyon
keys
khai
khalid
khalil
khamdy
khanh
khloe
khosro
khue
khurshid
ki
kia
kiah
kial
kiam
kian
kiana
kiara
kiefer
kiel
kiele
kiem
kien
kien-nghiep
kienan
kiennghiep
kiera
kieran
kieron
kierra
kiersten
kiet
kike
kikelia
kiki
kile
kiley
kilian
killian
killie
killy
kim
kim-minh
kim-tram
kimball
kimbell
kimberlee
kimberley
kimberli
kimberly
kimberlyn
kimble
kimbra
kimbriella
kimihiko
kimiko
kimio
kimmi
kimmie
kimmy
kin
kin-wai
kin-yee
kincaid
king
king-haut
king-phisher
kingsley
kingsly
kingston
kinley
kinman
kinna
kinnie
kinny
kinsey
kinsley
kip
kipp
kippar
kipper
kippie
kippy
kira
kiran
kirbee
kirbie
kirby
kiri
kirit
kirk
kirsten
kirsteni
kirsti
kirstie
kirstin
kirsty
kirstyn
kirtikumar
kishor
kishore
kissee
kissiah
kissie
kit
kitson
kitt
kitti
kittie
kitty
kiyoon
kizzee
kizzie
kizzy
kjell
klaas
klara
klarika
klarissa
klarrisa
klaus
klay
klazien
klazina
klemens
klement
kleon
kliment
klink
kloe
knoppix
knox
knut
ko
kobe
koby
kody
koen
koenraad
koji
kok-khiang
koko
kolby
kollen
kongchao
kongjun
konglei
kongming
kongtao
kongwei
konnor
konrad
konstance
konstantin
konstantine
konstanze
koo
kora
koral
koralle
koray
kordula
kore
korella
koren
koressa
korey
kori
korie
korney
korrie
korry
kort
kory
kostas
kouji
kourtney
krier
krinda
kris
krish
krisha
krishan
krishna
krishnah
krishnamurthy
krispin
krissie
krissy
krista
kristal
kristan
kriste
kristel
kristen
kristi
kristian
kristie
kristien
kristin
kristina
kristine
kristo
kristofer
kristoff
kristoffer
kristofor
kristoforo
kristopher
kristos
kristy
kristyn
krysta
krystal
krystalle
krystle
krystn
krystyna
krzysztof
ktusn
kuang-tsan
kubernetes
kue
kui
kui-soon
kuldip
kum-meng
kumar
kung
kunie
kunitaka
kurt
kurtis
kusum
kuswara
kwan
kwei-san
kwing
kwok
kwok-lan
kwok-wa
kwong
ky
kya
kyan
kyden
kye
kyla
kylar
kyle
kylee
kyleigh
kylen
kyler
kylie
kylila
kylynn
kym
kynthia
kyoko
kyra
kyran
kyrin
kyron
kyrstin
kyson
kz_0501
l;urette
l2
l3
la
la verne
lab
labfive
lac
lacee
lacey
lachlan
lachu
lacie
lacy
ladan
ladell
ladonna
laetitia
lai
laila
laina
laine
lainey
laird
lake
lakeisha
lakisha
lakyn
lala
lalit
lalitha
lalo
lamar
lambert
lamine
lammond
lamond
lamont
lan
lana
lanae
lance
lancelot
land
landen
lando
landon
landscape
landyn
lane
lanette
laney
lang
langdon
langsdon
langston
lani
lanie
lanita
lanna
lanni
lannie
lanny
lapkin
laquinta
lara
laraine
lari
larina
larine
larisa
larissa
lark
larkin
larry
lars
larue
lary
larysa
laryssa
las
laser
LASER
LASERWRITER
lashonda
laslo
latasha
latashia
laten
latia
latisha
latonya
latoya
latrena
latrina
laughton
launce
laura
lauraine
laural
lauralee
laure
laureana
laureano
lauree
laureen
laurel
laurella
lauren
laurena
laurence
laurene
laurens
laurent
lauretta
laurette
lauri
laurianne
laurice
laurie
lauritz
laurna
laury
lauryn
lavana
lavena
lavender
laverna
laverne
lavina
lavinia
lavinie
lavonda
lavonne
law
lawanda
lawrence
lawry
lawson
lawton
lay
layananda
layla
layne
layney
layton
laz
lazar
lazare
lázaro
lazaro
lazarus
lazlo
lb
lbin
lbing
lbo
lc
lchang
lchao
lchunmei
lcm
ld
ldan
ldandan
ldap
ldd
ldm
ldongmei
le
lea
leadsec
leaf
leah
leal
leander
leandra
leandro
leann
leanna
leanne
leanor
leanora
leaton
lebbie
lebron
lecien
leda
leddy
ledger
lee
lee-anne
leeann
leeanne
leecia
leela
leelah
leeland
leena
leendert
leesa
leese
leeuwen
lefty
legra
lei
lei-see
leia
leibo
leicester
leichao
leichen
leidan
leidong
leif
leifang
leifei
leifeng
leigang
leigh
leigha
leighann
leighton
leihang
leihao
leihong
leihua
leihui
leijian
leijianhua
leijianjun
leijiao
leijie
leijing
leijun
leil
leila
leilah
leilani
leilei
leileilei
leileileilei
leileileileilei
leili
leiliang
leiling
leimin
leiming
leina
leipeng
leiping
leiqiang
leiqing
leisa
leisha
leishuai
leita
leitao
leiwei
leixia
leixu
leixue
leiyan
leiyi
leiying
leiyong
leiyu
leiyujia
leiyun
leizhen
lek
lela
lelah
leland
lelia
lem
lemar
lemmie
lemmy
lemuel
len
lena
lenard
lenci
lendon
lenee
lenette
leni
lenka
lenna
lennard
lennart
lennie
lennon
lennox
lenny
leno
lenora
lenore
lenovo
leny
leo
leodora
leoine
leola
leoline
león
leon
leona
leonanie
leonard
leonardo
leonas
leoncio
leone
leonel
leonela
leonelle
leonerd
leonhard
leonid
leónida
leonida
leonidas
leonie
leonor
leonora
leonore
leontine
leontyne
leopold
leopoldo
leora
Lepusadmin
leroi
leroy
les
lesa
leshia
lesia
lesley
lesli
leslie
lesly
lessie
lester
lesya
leta
letha
lethia
leti
leticia
letisha
letitia
letizia
letta
letti
lettie
letty
leuan
leung
leupold
lev
leven
levent
levey
levi
levin
levon
levy
lew
lewes
lewie
lewis
lewiss
lex
lexi
lexia
lexie
lexine
lexis
lexy
leyla
leyton
lezlee
lezley
lezlie
lf
lfang
lfei
lfeng
lfengying
lfy
lg
lgang
lgf
lgh
lgl
lgr
lguifang
lguihua
lguilan
lguirong
lguixiang
lguiying
lguizhen
lguizhi
lgx
lgy
lgz
lh
lhaiyan
lhao
lhm
lhong
lhongmei
lhongxia
lhua
lhuan
lhui
lhx
lhy
li
li-ming
lia
liah
liaiguo
liaihua
liaijun
liailing
liaimin
liaiping
liam
lian
lian-hong
liana
liane
liang
liangbing
liangbo
liangchao
liangchen
liangdan
liangdong
liangfang
liangfei
liangfeng
lianggang
lianghao
lianghong
lianghua
lianghui
liangjian
liangjianhua
liangjie
liangjing
liangjun
liangkai
lianglei
liangli
liangliang
liangmin
liangming
liangna
liangpeng
liangping
liangshuang
liangtao
liangwei
liangxu
liangxue
liangyan
liangyi
liangying
liangyong
liangyu
liangzhiqiang
lianna
lianne
liara
lib
libao
libaoguo
libaohua
libaojun
libbey
libbi
libbie
libby
libeibei
libera
libertad
liberty
libia
libiao
libin
libinbin
libing
libingbing
libo
libor
libowen
LIBRARY
libstoragemgmt
libuuid
lic
licaixia
licaiyun
lican
licha
lichang
lichangchun
lichangjiang
lichangqing
lichao
lichen
licheng
lichenglin
lichenglong
lichenguang
lichenlei
lichong
lichuan
lichuang
lichun
lichunfang
lichunguang
lichunhong
lichunhua
lichunhui
lichunlan
lichunlei
lichunlin
lichunling
lichunmei
lichunming
lichunsheng
lichunxia
lichunxiang
lichunxiao
lichunyan
lichunyang
lichunying
lichunyu
licm
licong
licui
licuiping
lid
lida
lidan
lidandan
lidapeng
lidawei
lidayong
lidd
lide
lidehua
lidejun
lideming
lidia
liding
lidio
lidm
lidong
lidongdong
lidonghai
lidonghui
lidongmei
lidongming
lidongsheng
lidongxu
liduine
lief
liem
liesa
liesbeth
liese
liesl
lif
lifan
lifang
lifangfang
lifei
lifeifei
lifen
lifeng
lifengxia
lifengying
lifuqiang
lify
lig
ligang
ligaofeng
lige
ligen
ligf
ligh
lightdm
ligl
ligr
liguang
liguanghua
liguanghui
liguangming
liguangyao
liguifang
liguihua
liguilan
liguilin
liguirong
liguixiang
liguiying
liguizhen
liguizhi
liguo
liguodong
liguofeng
liguohua
liguohui
liguojun
liguoliang
liguomin
liguoming
liguoping
liguoqiang
liguoqing
liguorong
liguosheng
liguowei
liguoying
liguozhong
ligx
ligy
ligz
lih
lihai
lihaibin
lihaibing
lihaibo
lihaidong
lihaifeng
lihaihua
lihaijun
lihailin
lihailong
lihaiming
lihaipeng
lihaiping
lihairong
lihaisheng
lihaitao
lihaixia
lihaiyan
lihaiyang
lihaiying
lihaiyun
lihan
lihang
lihao
lihaoran
lihe
liheng
liheping
lihm
lihong
lihongbing
lihongbo
lihongjun
lihonglei
lihongliang
lihongmei
lihongtao
lihongwei
lihongxia
lihongxing
lihongyan
lihongying
lihongyu
lihu
lihua
lihuan
lihuanhuan
lihuawei
lihui
lihuifang
lihuihui
lihuilei
lihuiling
lihuimin
lihx
lihy
lij
lijg
lijh
liji
lijia
lijiajia
lijian
lijianbing
lijianbo
lijiancheng
lijianchun
lijiandong
lijianfeng
lijiang
lijiangang
lijianghua
lijiangtao
lijianguang
lijianguo
lijianhong
lijianhua
lijianhui
lijianjun
lijianlei
lijianlin
lijianmin
lijianming
lijianping
lijianqiang
lijianrong
lijiansheng
lijianwei
lijianwen
lijianxin
lijianying
lijianyong
lijianzhong
lijiao
lijie
lijihong
lijin
lijinfeng
lijing
lijingjing
lijinhua
lijinhui
lijinling
lijinlong
lijinmei
lijinming
lijinping
lijinshan
lijinsheng
lijinsong
lijj
liju
lijuan
lijun
lijun4
lijunfeng
lijunhua
lijunjie
lijunwei
lijunying
lik
likai
likang
like
likun
lil
lila
lilac
lilah
lilan
lilanying
lilas
lile
lilei
lileilei
lili
lilia
lilian
liliana
liliane
liliang
liliangliang
lilias
lilifang
lilihong
lilihua
lilijun
lililei
lilili
lilin
lilina
liling
lilingling
lilingyu
lilingyun
lilinlin
liliping
lilita
lilith
lilixia
lilixin
lilla
lilli
lillia
lillian
lillie
lillien
lillis
lilllie
lilly
lilong
lilongfei
lilu
lily
lilyan
lim
liman
limao
limei
limeihua
limeiling
limeng
limengmeng
limiao
limiaomiao
limin
liming
liminghua
liminghui
limingjie
limingjun
limingliang
limingming
limingxia
limingxing
limingyue
limingzhu
limo
lin
lina
linan
linana
linbin
linbo
linc
linchao
linchen
linchun
lincoln
lind
linda
linda-joy
lindan
linden
lindi
lindie
lindon
lindong
lindsay
lindsey
lindsy
lindy
line
linea
linell
linet
lineth
linette
linfang
linfei
linfeng
ling-yue
ling-zhong
lingang
lingchen
lingfeng
linghan
lingling
lingyan
lingyun
linh
linhai
linhaiyan
linhao
linhong
linhua
linhui
lining
liningning
linjia
linjian
linjiang
linjianhua
linjianping
linjie
linjing
linjun
linjunjie
link
LINK
linkai
linlei
linleilei
linley
linli
linlin
linling
linlong
linmei
linmin
linming
linn
linna
linnea
linnell
linnet
linnie
linning
lino
linoel
linpeng
linping
linqiang
linqing
linsen
linshan
linsong
lintao
linus
linux
linuxadmin
linwei
linwen
linwu
linxia
linxiang
linxiao
linxiaodong
linxin
linxu
linxue
linyan
linyang
linyi
linying
linyong
linyu
linyun
linzhiqiang
linzhiwei
linzhiyong
linzhong
linzie
linzy
lion
lionel
lionello
lip
lipan
lipanpan
lipei
lipeipei
lipeng
lipengcheng
lipengfei
liping
lipingping
liq
liqi
liqian
liqiang
liqin
liqing
liqingguo
liqinghua
liqingqing
liqingsong
liqiong
liqiu
liquan
liqun
lir
lira
liran
lirong
lironghua
lirui
liruihua
lis
lisa
lisabeth
lisandro
lisbeth
lise
lisen
lisetta
lisette
lish
lisha
lishan
lishanshan
lishaohua
lishe
lisheng
lishengli
lishijie
lishuai
lishuang
lishuangshuang
lishufang
lishufen
lishuguang
lishuhua
lishulan
lishulei
lishulin
lishumei
lishumin
lishun
lishuo
lishuping
lishuqin
lishuying
lishuzhen
lisi
lisisi
lisl
lisle
lisong
lisonglin
lisongtao
liss
lissa
lissi
lissie
lissy
list
listen
lisumei
lisuzhen
lisy
lisz
lit
lita
litao
liteng
litengfei
litian
litiantian
litie
litiejun
liting
litingting
litong
litt
liu
liuaiguo
liuaihua
liuaijun
liuaimin
liuaiping
liuan
liub
liubao
liubaohua
liubeibei
liubiao
liubin
liubinbin
liubing
liubo
liubowen
liuc
liucaixia
liucaiyun
liucan
liuchang
liuchangchun
liuchangjiang
liuchangqing
liuchao
liuchen
liucheng
liuchong
liuchuan
liuchuang
liuchun
liuchunhong
liuchunhua
liuchunlei
liuchunlin
liuchunling
liuchunmei
liuchunming
liuchunsheng
liuchunxia
liuchunyan
liuchunyu
liucong
liucui
liud
liuda
liudan
liudandan
liudapeng
liudawei
liudehua
liudejun
liudeming
liudong
liudongdong
liudonghai
liudongmei
liudongming
liudongsheng
liuf
liufan
liufang
liufangfang
liufei
liufeifei
liufen
liufeng
liufengying
liufy
liug
liugang
liugl
liuguang
liuguanghui
liuguangming
liuguifang
liuguihua
liuguilan
liuguirong
liuguixiang
liuguiying
liuguizhen
liuguo
liuguodong
liuguofeng
liuguohua
liuguohui
liuguojun
liuguoliang
liuguoping
liuguoqiang
liuguoqing
liuguowei
liugy
liugz
liuh
liuhai
liuhaibin
liuhaibo
liuhaidong
liuhaifeng
liuhaijun
liuhailin
liuhailong
liuhaiming
liuhaipeng
liuhaiping
liuhaisheng
liuhaitao
liuhaixia
liuhaiyan
liuhaiyang
liuhaiying
liuhang
liuhao
liuhaoran
liuhe
liuheng
liuheping
liuhong
liuhongbing
liuhongbo
liuhongjun
liuhongliang
liuhongmei
liuhongtao
liuhongwei
liuhongxia
liuhongyan
liuhongying
liuhu
liuhua
liuhuan
liuhuanhuan
liuhui
liuhuimin
liuj
liujg
liujh
liujia
liujiajia
liujian
liujianbing
liujianbo
liujiancheng
liujiandong
liujianfeng
liujiang
liujiangang
liujiangtao
liujianguo
liujianhua
liujianhui
liujianjun
liujianlin
liujianmin
liujianming
liujianping
liujianqiang
liujianwei
liujianwen
liujianxin
liujianxun
liujianying
liujianzhong
liujiao
liujie
liujihong
liujin
liujinfeng
liujing
liujingjing
liujinhua
liujinlong
liujinming
liujinping
liujinshan
liujinsong
liujj
liuju
liujuan
liujun
liujunfeng
liujunhua
liujunjie
liuk
liuka
liukai
liukang
liuke
liukun
liul
liulan
liule
liulei
liuleilei
liuli
liulian
liuliang
liuliangliang
liulifang
liulihong
liulihua
liulijun
liulilei
liulili
liulimin
liuliming
liulin
liulina
liuling
liulingling
liulinlin
liuliping
liuliu
liulixia
liulixin
liulong
liulu
lium
liuman
liumei
liumeihua
liumeiling
liumeng
liumengmeng
liumiao
liumiaomiao
liumin
liuming
liuminghua
liuminghui
liumingliang
liumingming
liun
liuna
liunana
liunian
liuning
liuningning
liup
liupan
liupanpan
liupei
liupeng
liupengcheng
liupengfei
liuping
liuq
liuqi
liuqian
liuqiang
liuqin
liuqing
liuqinghua
liuqingqing
liuqingsong
liuqiong
liuquan
liuqun
liuran
liurong
liuronghua
liurui
lius
liusen
liushan
liushanshan
liushaohua
liusheng
liushengli
liushijie
liushuai
liushuang
liushufang
liushuguang
liushuhua
liushulei
liushun
liushuo
liushuqin
liushuying
liusi
liusisi
liusong
liusonglin
liusongtao
liut
liutao
liuteng
liutie
liutiejun
liuting
liutingting
liutong
liutt
liuw
liuwang
liuwei
liuweidong
liuweiguo
liuweihong
liuweihua
liuweijie
liuweiping
liuweiwei
liuwen
liuwenbin
liuwenbo
liuwenhua
liuwenhui
liuwenjie
liuwenjing
liuwenjun
liuwenlei
liuwenlong
liuwenming
liuwenqiang
liuwensheng
liuwentao
liuwenwen
liuwu
liux
liuxi
liuxia
liuxiang
liuxiangdong
liuxiangyang
liuxiansheng
liuxiao
liuxiaobing
liuxiaobo
liuxiaochun
liuxiaodan
liuxiaodong
liuxiaofang
liuxiaofei
liuxiaofeng
liuxiaoguang
liuxiaohong
liuxiaohua
liuxiaohui
liuxiaojie
liuxiaojing
liuxiaojun
liuxiaolan
liuxiaolei
liuxiaoli
liuxiaoliang
liuxiaolin
liuxiaoling
liuxiaolong
liuxiaomei
liuxiaomin
liuxiaoming
liuxiaona
liuxiaopeng
liuxiaoping
liuxiaoqin
liuxiaoqing
liuxiaowei
liuxiaoxia
liuxiaoyan
liuxiaoyang
liuxiaoying
liuxiaoyong
liuxiaoyu
liuxiaoyun
liuxin
liuxing
liuxinghua
liuxinhua
liuxinmin
liuxinxin
liuxinyu
liuxiong
liuxiu
liuxiuhua
liuxiulan
liuxiulei
liuxiuli
liuxiumei
liuxiuying
liuxiuzhen
liuxl
liuxu
liuxudong
liuxue
liuxuefeng
liuxuejun
liuxuemei
liuxuesong
liuxy
liuy
liuya
liuyadong
liuyafei
liuyajun
liuyalei
liuyali
liuyan
liuyanan
liuyanfang
liuyang
liuyangyang
liuyanhong
liuyanhua
liuyanjun
liuyanli
liuyanling
liuyanmei
liuyanping
liuyanxia
liuyanyan
liuyaping
liuye
liuyh
liuyi
liuyifei
liuying
liuyingchun
liuyingjie
liuyingying
liuyl
liuym
liuyong
liuyonggang
liuyonghong
liuyonghua
liuyonghui
liuyongjie
liuyongjun
liuyongliang
liuyongming
liuyongping
liuyongqiang
liuyongsheng
liuyu
liuyuan
liuyuanyuan
liuyue
liuyufang
liuyufeng
liuyuhong
liuyuhua
liuyujie
liuyulan
liuyulei
liuyulin
liuyuling
liuyulong
liuyumei
liuyuming
liuyun
liuyunfei
liuyunfeng
liuyunlong
liuyunpeng
liuyunxia
liuyuping
liuyuqin
liuyuxia
liuyuying
liuyuzhen
liuyy
liuyz
liuze
liuzhaohui
liuzhaolei
liuzhaoyang
liuzhe
liuzhen
liuzhendong
liuzheng
liuzhenguo
liuzhenhua
liuzhenyu
liuzhi
liuzhichao
liuzhicheng
liuzhifeng
liuzhigang
liuzhiguo
liuzhihong
liuzhihua
liuzhihui
liuzhijian
liuzhijie
liuzhijun
liuzhilei
liuzhimin
liuzhiming
liuzhipeng
liuzhiping
liuzhiqiang
liuzhiwei
liuzhiwen
liuzhiyong
liuzhiyuan
liuzhong
liuzhonghua
liuzhu
liuzhuo
liv
liva
livia
liviu
livvie
livvy
livvyy
livy
liw
liwang
liwei
liweidong
liweifeng
liweiguo
liweihong
liweihua
liweijie
liweijun
liweimin
liweiming
liweiping
liweiqiang
liweiwei
liwen
liwenbin
liwenbo
liwenchao
liwenfeng
liwenhua
liwenhui
liwenjie
liwenjing
liwenjun
liwenlei
liwenlong
liwenming
liwenping
liwenqiang
liwenqing
liwensheng
liwentao
liwenwen
liwenxia
liwenxue
liwenying
liwenzhong
liwu
lix
lixf
lixh
lixi
lixia
lixian
lixiang
lixiangdong
lixiangyang
lixiangyu
lixiansheng
lixiao
lixiaobing
lixiaobo
lixiaochen
lixiaochun
lixiaodan
lixiaodong
lixiaofang
lixiaofei
lixiaofeng
lixiaogang
lixiaoguang
lixiaohong
lixiaohu
lixiaohua
lixiaohui
lixiaojie
lixiaojing
lixiaojun
lixiaolan
lixiaolei
lixiaoli
lixiaoliang
lixiaolin
lixiaoling
lixiaolong
lixiaomei
lixiaomin
lixiaoming
lixiaona
lixiaoning
lixiaopeng
lixiaoping
lixiaoqiang
lixiaoqin
lixiaoqing
lixiaowei
lixiaoxia
lixiaoyan
lixiaoyang
lixiaoying
lixiaoyong
lixiaoyu
lixiaoyun
lixin
lixing
lixinghua
lixingxing
lixinhua
lixinjian
lixinmin
lixinming
lixinping
lixinxin
lixinyu
lixiong
lixiu
lixiufang
lixiuhong
lixiuhua
lixiulan
lixiulei
lixiuli
lixiuling
lixiumei
lixiuping
lixiuqin
lixiurong
lixiuying
lixiuyun
lixiuzhen
lixl
lixm
lixr
lixu
lixuan
lixudong
lixue
lixuefei
lixuefeng
lixuejiao
lixuejun
lixuelian
lixuemei
lixuesong
lixuewen
lixun
lixy
lixz
liy
liya
liyadong
liyafei
liyahui
liyajun
liyalei
liyan
liyanan
liyanchun
liyanfang
liyang
liyangyang
liyanhong
liyanhua
liyanhui
liyanjie
liyanjun
liyanli
liyanling
liyanmei
liyanping
liyanqiu
liyanxia
liyanyan
liyao
liyaping
liye
liyh
liyi
liyin
liying
liyingchun
liyingjie
liyingying
liyl
liym
liyong
liyongchun
liyongfeng
liyonggang
liyonghong
liyonghua
liyonghui
liyongjie
liyongjun
liyongliang
liyongmei
liyongming
liyongping
liyongqiang
liyongsheng
liyongxiang
liyu
liyuan
liyuanyuan
liyucheng
liyue
liyuehua
liyufang
liyufeng
liyuhong
liyuhua
liyujie
liyujun
liyulan
liyulei
liyulin
liyuling
liyulong
liyumei
liyuming
liyun
liyunfei
liyunfeng
liyunlong
liyunpeng
liyunxia
liyuping
liyuqin
liyuxia
liyuying
liyuzhen
liyy
liyz
liz
liza
lizabeth
lizan
lizbeth
lize
lizette
lizhao
lizhaohui
lizhaolei
lizhaoyang
lizhe
lizhen
lizhendong
lizheng
lizhenguo
lizhenhua
lizhenjiang
lizhenxing
lizhenyu
lizhenzhen
lizhi
lizhichao
lizhicheng
lizhifeng
lizhigang
lizhiguo
lizhihong
lizhihua
lizhihui
lizhijian
lizhijie
lizhijun
lizhilei
lizhilong
lizhimin
lizhiming
lizhipeng
lizhiping
lizhiqiang
lizhirong
lizhiwei
lizhiwen
lizhixin
lizhiyong
lizhiyuan
lizhizhong
lizhong
lizhonghua
lizhuang
lizhuo
liziqiang
lizq
lizz
lizzie
lizzy
lj
ljg
ljh
ljia
ljian
ljianguo
ljianhua
ljianjun
ljie
ljiljana
ljilyana
ljing
ljj
ljuan
ljun
lk
lkai
ll
llanying
llei
llewellyn
llewelyn
lli
lliang
llin
lling
llong
lloyd
lly
llywellyn
lm
lmei
lmin
lming
ln
lna
lning
loan
loay
loc
local
localadmin
locate
lochlan
lock
locke
lockwood
lodovico
loella
loes
loesje
log
logan
login
logntp
lois
loise
loki
lola
loleta
loli
lolita
lolly
lolo
lombard
lon
lona
london
lonee
long
longdist
longfei
longtao
loni
lonna
lonnard
lonneke
lonni
lonnie
lonny
loon
lope
lora
lora-lee
lorain
loraine
loralee
loralie
loralyn
loran
lorant
lorcan
lore
loree
loreen
lorelei
loreley
lorelle
loren
lorena
lorene
lorens
lorenza
lorenzo
loreta
loretta
lorettalorna
lorette
lori
loria
lorianna
lorianne
lorie
lorilee
lorilyn
lorin
lorinda
lorine
loris
lorita
lorletha
lorna
lorne
lorraine
lorrayne
lorrel
lorri
lorrie
lorrin
lorry
lory
los
lothaire
lothar
lothario
lotta
lotte
lotti
lottie
lotty
lotus
lou
louann
louella
louie
louis
louis-philippe
louis-rene
louisa
louise
louisette
lourdes
loutitia
lovell
lovina
lowe
lowell
lowietje
lowrance
lowry
loy
loydie
lp
lpadm
lpadmin
lpeng
lping
lpo
lq
lqian
lqiang
lqin
lr
lrc
lrong
ls
lsh
lshuai
lshuhua
lshulan
lshuying
lshuzhen
lsi
lsiunix
lsl
lsy
lsz
lt
ltao
lting
ltingting
ltt
lu
luan
luana
luann
lubing
lubo
lubomir
lubomyr
luc
luca
lucais
lucas
luce
LUCENT01
LUCENT02
luchao
lucho
luci
lucia
lucian
luciana
luciano
lucias
lucie
lucien
lucienne
lucila
lucile
lucilia
lucille
lucina
lucinda
lucine
lucio
lucita
lucius
lucky
lucrecia
lucretia
lucy
ludan
ludong
ludovico
ludovika
ludvig
ludwig
luella
luelle
lufang
lufei
lufeng
lugang
luhaifeng
luhong
luhua
luhui
luigi
luis
luisa
luise
luisina
lujan
lujanka
lujia
lujian
lujianhua
lujianjun
lujianping
lujie
lujing
lujun
lukai
lukas
luke
lula
lulei
luleilei
luli
luliang
lulita
lulu
lumin
luming
luna
luning
luobin
luobing
luochao
luocheng
luodan
luofang
luofei
luofeng
luogang
luohao
luohong
luohua
luohui
luojia
luojian
luojianhua
luojie
luojing
luojun
luokai
luolan
luolei
luoli
luoliang
luolin
luoling
luoman
luomin
luoming
luona
luong
luoning
luopeng
luoping
luoqiang
luoqin
luoqiong
luotao
luowei
luowen
luoxu
luoyan
luoyang
luoyi
luoying
luoyong
luoyu
luoyun
lupe
lupeng
lupin
luping
lupita
luqiang
luqin
lura
lurette
lurleen
lurlene
lurline
lusa
lushan
lutao
lutero
luther
luuk
luwei
luxia
luyan
luyang
luyao
luye
luyi
luying
luyong
luyun
luz
luzdi
luzdivina
lw
lwei
lwen
lx
lxd
lxf
lxh
lxia
lxiang
lxiaohong
lxin
lxiufang
lxiuhua
lxiulan
lxiumei
lxiurong
lxiuying
lxiuyun
lxiuzhen
lxl
lxm
lxr
lxue
lxuemei
lxy
lxz
ly
ly-khanh
lyan
lyang
lyda
lydda-june
lydia
lydie
lydon
lyell
lyh
lying
lyl
lyla
lyle
lym
lyman
lyn
lynda
lynde
lyndel
lyndell
lyndia
lyndon
lyndsay
lyndsey
lyndsie
lyndy
lyne
lynea
lynelle
lynett
lynette
lynn
lynna
lynne
lynnea
lynnell
lynnelle
lynnet
lynnett
lynnette
lynsey
lynwood
lynx
lyon
lyonel
lyong
lyra
lyric
lysander
lyse
lyssa
lysy
lyu
lyuhua
lyulan
lyumei
lyun
lyuying
lyuzhen
lyy
lyz
lzhiqiang
lzq
m1122
maaike
maala
maarten
mab
mabel
mabelle
mabiao
mabin
mabing
mable
mabo
mac
maca
macarena
macario
mace
macey
machao
machen
macheng
machi
macie
maciej
mack
mackenzie
macu
macy
mada
madalena
madalene
madalyn
madan
madandan
maddalena
maddi
maddie
maddison
maddox
maddy
madel
madelaine
madeleine
madelena
madelene
madelin
madelina
madeline
madella
madelle
madelon
madelyn
madge
mading
madison
madisyn
madlen
madlin
madong
madongmei
madonna
mady
madyson
mae
maegan
maeve
mafalda
mafang
mafei
mafeng
mag
magali
magang
magda
magdaia
magdalen
magdalena
magdalene
magdi
magdy
maged
maggee
maggi
maggie
maggy
magnolia
magnum
magnus
maguoqiang
mahaibo
mahaijun
mahailong
mahaitao
mahaiyan
mahala
mahalia
mahao
mahboob
mahendra
mahesh
mahlon
mahmood
mahmoud
mahmud
mahmut
mahong
mahongmei
mahongwei
mahongxia
mahshad
mahua
mahuan
mahui
mai
maia
maible
maica
maid
maidisn
maidlab
maidsir
maidxpm
maier
maiga
maighdiln
mail
MAIL
mailadmin
mailer
MAILER
mailftp
mailguest
mailman
main
mainoo
maint
MAINT
maintainer
mair
maira
maire
mairead
maisey
maisie
maison
maisy
maite
maitilde
maitreya
maja
maje
majia
majian
majianguo
majianhua
majianjun
majianping
majianwei
majid
majie
majin
majing
majingjing
major
majun
majunjie
makai
makam
makary
makayla
make
makenna
makenzie
makiko
makun
mal
mala
malachi
malakai
malala
malan
malanie
malaysia
malchy
malcolm
male
maleah
malei
maleilei
malena
maleni
malethia
malgosia
mali
malia
maliang
malik
malilei
malili
malin
malina
malinda
malinde
maling
malingling
maliping
malissa
malissia
mallik
mallissa
mallorie
mallory
malloy
malong
malorie
malory
malva
malvin
malvina
malynda
mame
mamen
mami
mamie
mamin
maming
mamoru
man
man-fai
mana
manage
manage1
manager
MANAGER
manager@1.com
manager@126.com
manager@163.com
manager@163.net
manager@dingtalk.com
manager@gmail.com
manager@hotmail.com
manager@mail.com
manager@qq.com
manager@test.com
manager@yahoo.com
manami
manas
manda
mandana
mandel
mandi
mandie
mandisa
mandy
manfred
manh
manhatten
mani
manijeh
manimozhi
maning
manish
manisha
manjinder
manjit
manmohan
mannie
manny
mano
manohar
manoj
manolo
manon
manou
manouch
mansukha
mansum
manu
manuel
manuela
manuf
manya
maojie
maolei
maowei
maoyong
mapeng
mapengfei
maping
maqiang
maqianli
maqin
maqing
maqun
mar
mara
marabel
marc
marc-andre
marc-antoine
marce
marcel
marcela
marcelia
marcelina
marcelino
marcella
marcelle
marcellina
marcelline
marcello
marcellus
marcelo
march
marchall
marchelle
marci
marcia
marcial
marcie
marcile
marcille
marco
marcos
marcus
marcy
mardi
mareah
marek
marella
maren
marena
maressa
marg
marga
margalit
margalo
margaret
margareta
margarete
margaretha
margarethe
margaretta
margarette
margariet
margarita
margaux
marge
margeaux
margery
marget
margette
margi
margie
margit
margo
margot
margret
margriet
marguerita
marguerite
margy
mari
maría
maria
mariaelena
mariah
mariam
marián
marian
mariana
mariann
marianna
marianne
mariano
maribel
maribelle
maribeth
maricarmen
marice
maricela
maridel
marie
marie-andree
marie-ann
marie-jeanne
marie-josee
marie-luce
marie-nadine
marieann
mariejeanne
marieka
marieke
mariel
mariela
mariele
mariella
marielle
mariellen
mariesara
mariet
marietta
mariette
marigold
marijke
marijn
marijo
marik
marika
marilee
marilin
marillin
mariluz
marilyn
marilynn
marilynne
marin
marina
marinette
marinna
mario
marion
maripaz
mariquilla
maris
marisa
marisca
mariska
marisol
marissa
marit
marita
maritsa
maritza
marius
mariya
marj
marja
marjan
marje
marjet
marji
marjie
marjo
marjoke
marjolein
marjorie
marjory
marjy
mark
marketa
marko
markos
markus
marla
marlaine
marlane
marleah
marlee
marleen
marlena
marlene
marley
marlie
marlies
marlin
marline
marlo
marloes
marlon
marlow
marlowe
marlyn
marlyne
marmaduke
marna
marne
marney
marni
marnia
marnie
marong
maroun
marquis
marquita
marriet
marrilee
marris
marrissa
marscha
marsh
marsha
marshal
marshall
marsie
marsiella
mart
marta
martainn
martelle
marten
martguerita
martha
marthe
marthena
marti
martica
martie
martijn
martín
martin
martina
martine
martino
martita
marty
martyn
martynne
marui
marv
marva
marve
marvell
marven
marvette
marvin
marwan
marwin
mary
mary-ann
mary-ellen
mary-jane
mary-jo
mary-michelle
mary-pat
marya
maryam
maryann
maryanna
maryanne
marybelle
marybeth
maryellen
maryjane
maryjo
marykay
maryl
marylee
marylin
marylinda
marylou
marylynn
marylynne
maryrose
marys
marysa
maryse
maryvonne
masa
masahiro
masai
masamichi
masha
mashuai
masie
maskell
maso
mason
masood
massimiliano
massimo
massoud
master
mat
mata
matao
matelda
mateng
matengfei
mateo
materkowski
mathe
mathew
mathian
mathias
mathilda
mathilde
matías
matias
matilda
matilde
mats
matt
matteo
matthaeus
mattheus
matthew
matthias
matthieu
matthiew
matthus
matti
mattias
mattie
matty
maud
maude
maudie
maura
maure
maureen
maureene
maurene
maurice
mauricio
maurie
maurijn
maurine
maurise
maurita
maurits
maurizia
maurizio
mauro
maury
maverick
mavis
mavra
mawei
maweidong
mawen
mawenjie
max
maxey
maxi
maxiang
maxiaodong
maxiaohong
maxiaolong
maxiaoming
maxiaowei
maxiaoyan
maxie
maxim
máxima
maxime
maximilian
maximiliano
maximilianus
maximilien
máximo
maximo
maximus
maxin
maxine
maxiuying
maxu
maxwell
maxy
may
maya
mayan
mayanhong
mayanli
mayasandra
maybell
maybelle
mayca
maycel
maye
mayer
mayeul
mayi
maying
mayka
maylynn
maynard
mayne
maynie
maynord
mayong
mayor
mayra
mayson
mayte
mayu
mayue
mayulong
mayumi
mayun
mayunfei
mayunlong
mazheng
mazhigang
mazhiqiang
mazie
MBMANAGER
MBWATCH
mc
mccauley
mcgee
mchao
mckayla
mckenna
mckenzie
MDSYS
me
mea
mead
meade
meadow
meagan
meaghan
meara
mechelle
mediator
medria
meena
meer
meera
meeting
meg
megan
megen
meggi
meggie
meggy
meghan
meghann
megumi
mehboob
mehdi
mehetabel
mehmet
mehmud
mehrzad
mehtab
mei
meier
meilin
meir
mekhi
mel
mela
melamie
melania
melanie
melantha
melany
melba
melbourne
melchor
melek
melesa
melessa
melford
melhem
melibea
melicent
melina
melinda
melinde
melinie
melisa
melisande
melisandra
melisenda
melisent
melissa
melisse
melita
melitta
mella
melli
mellicent
mellie
mellisa
mellisent
melloney
melly
melodee
melodie
melody
melonie
melony
melosa
melva
melvin
melvina
melvyn
melynda
memadmin
member01
member02
member03
member1
member2
member3
memcached
memphis
memuser
menard
mendel
mendie
mendy
mengchao
mengdan
mengfei
menghao
menghui
mengjie
mengjing
mengjun
mengkai
menglei
mengli
mengna
mengqiang
mengqingguo
mengqinghua
mengtao
mengwei
mengxianglong
mengyong
mengyu
mentor
mer
merb
mercedes
mercer
merche
merci
mercie
mercy
merdia
meredeth
meredith
meredithe
merell
meriann
merick
merida
meridel
meridian
meridith
meriel
merilee
meriline
merill
merilyn
meris
merissa
meritxell
merl
merla
merle
merlin
merlina
merline
merna
merola
merralee
merrel
merrick
merridie
merrie
merrielle
merrile
merrilee
merrili
merrill
merrily
merry
mersey
merunix
merv
mervin
mervyn
merwin
merwyn
meryl
message
messagebus
mesut
meta
meter
methi
metrics
metyn
mewa
meyer
mfd
MFG
mfgeng
MGE
mgr
MGR
mía
mia
miaomiao
miaoqing
miaozhuang
mic
mica
micaela
micah
michael
michael-morgan
michaela
michaelina
michaeline
michaella
michail
michal
michale
micheal
micheil
michel
michele
michelina
micheline
michell
michelle
michie
michiel
michigan
michiko
mick
mickey
micki
mickie
micky
mico
micro
MICRO
microsoft
mid
midge
miep
mietek
migdalia
mignon
mignonne
migue
miguel
miguela
miguelita
mihaela
mihai
mika
mikael
mikaela
mikayla
mike
mikel
mikelis
mikey
mikhaela
mikhail
mikihito
mikkel
miklos
mikol
mikrotik
mil
mila
milagros
milagrosa
milan
mildred
mildrid
mile
milena
miles
miley
milicent
milissent
milka
mill
millard
miller
MILLER
milli
millicent
millie
millisent
millo
milly
milo
milou
milt
miltie
milton
milty
milzie
mim
mimi
min
mina
minda
mindy
miner
minerva
minetta
minette
ming
ming-chang
ming-ming
minh-phuc
minhwi
minna
minnaminnie
minne
minnesota
minni
minnie
minnnie
minny
minor
minoru
minta
miof mela
miquela
mira
mirabel
mirabella
mirabelle
miracle
miran
miranda
miredo
mireielle
mireille
mirella
mirelle
mireya
míriam
miriam
mirielle
mirilla
mirjam
mirna
miro
miroslav
mirta
miryan
misbah
mischa
misha
miss
missagh
missie
missy
mister
misti
misty
mitch
mitchael
mitchel
mitchell
mitesh
mitsuko
mitt
mitzi
miwa
miwako
miyuki
mkt
ml
mli
mlusr
MMO2
mo
moderator
modesta
modestia
modestine
modesty
MODTEST
moe
moel
MOESERV
mohamad
mohamed
mohammad
mohammed
mohan
mohandas
mohandis
mohd
moina
moira
moise
moisés
moises
moishe
moll
mollee
molli
mollie
molly
mommy
mona
monah
mongodb
mónica
monica
moniek
monika
monique
monitor
monling
monro
monroe
montague
montana
monte
monteene
montgomery
monti
montreal
montserrat
monty
moon
moore
mora
morag
moray
mord
mordecai
mordy
MOREAU
moreen
morena
morey
morgan
morgana
morganica
morganne
morgen
morgun
moria
morie
moris
morissa
moritz
morlee
morley
morly
morna
morrie
morris
morry
morse
mort
morten
mortie
mortimer
morton
morty
mose
moselle
moses
moshe
moss
mot
motaz
mougy
mouna
mounir
mountfs
mountfsys
mountsys
moveline
moxie
moya
moyna
moyra
mozelle
mozes
mrugesh
msgadmin
mtch
mtcl
MTYSYS
muffin
mufi
mufinella
muhammad
muinck
muire
mukul
mukund
mun-hang
munaz
muni
munir
munmro
munroe
murat
murdoch
murdock
mureil
murial
muriel
murielle
murphy
murray
murry
murvyn
mustafa
mustapha
mxiuying
mxy
my
mya
myadmin
myca
mycah
mychal
mycroft
myer
myfanwy
myla
mylene
myles
mylo
myra
myrah
myranda
myriam
myrian
myrilla
myrle
myrlene
myrna
myron
myrta
myrthille
myrtia
myrtice
myrtie
myrtille
myrtle
myrvyn
myrwyn
mysoft
mysore
mysql
n/a
naadmin
nabil
nacho
nachum
nad
nada
nadean
nadeem
nadeen
nadene
nader
nadia
nadim
nadine
nadir
nadiya
nady
nadya
nagaraj
nagios
nahum
naile
naim
naima
naja
naji
najib
nakina
nala
nalani
nalin
nam
nam-kiet
nam-soo
NAMES
namrata
nan
nana
nananne
nance
nancee
nancey
nanci
nancie
nancy
nandita
nando
nanete
nanette
nang
nani
nanice
nanine
nanjingjiajie
nannette
nanni
nannie
nanny
nanon
naohiko
naoma
naomi
nap
napoleon
nappie
nappy
nara
narciso
narelle
naren
narendra
naresh
nari
narida
nariko
narinder
narrima
naser
nash
nashib
nashir
nashville
nasir
nasser
nat
nata
natacha
natal
natala
natale
natalee
natali
natalia
natalie
natalina
nataline
nataly
natalya
natan
nataniel
natascha
natasha
natasja
natassia
natassja
nate
nath
nathalia
nathalie
nathan
nathanael
nathanial
nathaniel
nathanil
nati
national
natividad
natka
natty
natver
naval
naveen
nawa
naya
nayan
nayeli
nayneshkumar
nazi
nazib
ncftp
ncrm
neal
neala
neale
neall
nealon
nealson
nealy
ned
neda
nedda
neddie
neddy
nedi
neel
neely
neena
neetu
nefen
nehemiah
neil
neila
neile
neill
neilla
neille
neils
neishen
nel
nelda
nelia
nelie
nell
nelle
nelleke
nelli
nellie
nelly
nels
nelson
nemesio
nena
nenad
nerea
nerissa
nerita
nermana
nero
neron
nert
nerta
nerte
nerti
nertie
nerty
nerys
nesbit
ness
nessa
nessi
nessie
nessus
nessy
nesta
neste
nester
nestor
netadmin
netas
NETCON
netlink
netman
NETMGR
NETNONPRIV
NETOP
netopia
NETPRIV
netrangr
netscreen
NETSERVER
netta
netti
nettie
nettle
netty
network
NETWORK
nev
neva
nevaeh
neve
neveah
nevein
NEVIEW
nevil
nevile
neville
nevin
nevins
nevsa
new
newell
NEWINGRES
news
NEWS
newt
newton
newuser
nexpose
nexus
neysa
nfs
nga
ngai
ngan
nginx
nguyen
nguyet
nha
nhien
nhut
nia
nial
niall
niamh
nic
niccolo
nichelle
nichol
nichola
nicholas
nichole
nicholle
nichols
nick
nickey
nicki
nickie
nicko
nickola
nickolai
nickolas
nickolaus
nicky
nico
nicodemo
nicol
nicola
nicolai
nicolais
nicolás
nicolas
nicolasa
nicole
nicolea
nicolette
nicoli
nicolina
nicoline
nicolis
nicolle
NICONEX
nidia
niejing
niek
niel
nielei
niels
nieve
nieves
nigel
nigella
nihal
nijen
nik
nikaniki
nike
niki
nikita
nikki
nikkie
nikky
niklaus
niko
nikola
nikolai
nikolaos
nikolas
nikolaus
nikoletta
nikolia
nikolos
nikos
nil
nila
nile
niles
nill
nils
nilson
nina
ninetta
ninette
ninfa
ning
ningbo
ningjing
nini
ninnetta
ninnette
ninno
ninon
niobe
nir
nirmal
nisha
nishith
nishka
nissa
nisse
nissie
nissy
nita
nitin
niulei
niven
nixie
niz
nj
nms
noaccess
noach
noah
noak
noam
noami
nobe
nobie
noble
nobody
nobody4
nobuko
nobutaka
noby
node
noé
noe
noel
noelani
noelia
noell
noella
noelle
noellyn
noely
noelyn
noemí
noemi
noeschka
nola
nolan
nolana
noland
nolie
noll
nollie
nolly
nologin
nomi
nona
nonah
nong
noni
nonie
nonna
nonnah
nooshin
nopi
nora
norah
noraly
norbert
norberta
norberto
norbie
norby
norcal
norean
noreen
norel
norene
norikatsu
norikazu
noriko
norina
norine
norio
norm
norma
norman
normand
normie
normy
norri
norrie
norris
norry
norstar
north
northrop
northrup
norton
norvie
noslab
notley
noubar
nova
novelia
novene
nowell
noyes
ns25000
nsadmin
nsfocus
ntp
nunila
nuno
nuntel
nurettin
nurhan
nuri
nuria
nuriel
nuucp
nuvit
nxautomation
nxpgsql
nydia
nye
nyla
nyle
nyles
nyssa
oa
oakes
oakley
oasis
oates
obadiah
obadias
obed
obediah
oberon
obidiah
obie
oby
ocean
oceana
OCITEST
octavia
octavio
octavius
odalis
odalys
ode
odele
odelia
odelinda
odell
odella
odelle
odessa
odetta
odette
odey
odie
odila
odile
odilia
odille
odo
odón
ody
ofelia
ofella
office
ofilia
ogdan
ogden
ogdon
oguz
ohio
oisin
okan
okey
oksana
ola
olaf
olag
olav
olaya
ole
oleesa
olenka
olenolin
olga
oli
olia
olimpia
olin
olinda
oliva
olive
oliver
olivero
olivette
olivia
olivie
olivier
oliviero
oliy
ollie
olly
OLTSEP
olusola
olva
olvan
olwen
olwyn
olympe
olympia
olympie
omar
omayma
omer
omero
omi
omsagent
ona
ondina
ondrea
oneida
onette
onfre
onfroi
onge
onida
onna
onofredo
oona
oonagh
oorschot
op
OP1
opal
opalina
opaline
open
openshift
openvas
openvpn
oper
OPERATNS
operator
OPERATOR
operator01
operator02
operator03
operator3
OPERVAX
ophelia
ophelie
opnsense
oprah
opto
ora
oracle
oral
oralee
oralia
oralie
oralla
oralle
oran
orazio
orbadiah
orden
ORDPLUGINS
ORDSYS
orel
orelee
orelia
orelie
orella
orellana
orelle
oren
orenzo
orestes
oria
oriana
orianna
orie
orin
oriol
orion
orla
orlaith
orlan
orland
orlando
orly
orlyn
orosia
orquídea
orran
orren
orrin
orsa
orsola
orson
ortensia
orton
orv
orville
oryal
osama
osbert
osborn
osborne
osbourn
osbourne
oscar
osgood
osiris
osmond
osmund
osric
ossama
ossie
osvaldo
oswald
oswaldo
oswell
otakar
otes
otfried
otha
othelia
othella
othello
other_0501
othilia
othilie
otho
otilia
otis
oto
ott
ottawa
ottcsr
otter
ottilie
otto
oue
OUTLN
OutOfBox
ovila
ovwebusr
owain
owaspbwa
owen
ozay
ozlem
ozzie
ozzy
pablo
pac
pace
pacific
packston
paco
pacorro
paddie
paddy
padget
padgett
padma
padraic
padraig
padriac
page
paige
pail
painterson
paisley
pak
pak-jong
pal
pall
palm
palma
palme
palmer
palmira
paloma
pam
pamadmin
pamela
pamelina
pamella
pammi
pammie
pammy
pampa
panbo
panch
panchao
panchito
pancho
pancracio
pandeng
pandora
panel
panfei
panfeng
pangbo
pangwei
panhao
panhong
panhua
panhui
panjian
panjianhua
panjie
panjing
panjun
pankaj
pankesh
panlei
panleilei
panli
panliang
panlin
panling
panlong
panmin
panming
panna
panning
panos
panqiang
pansie
pansy
pantao
panwei
panyan
panyi
panying
panyong
panyu
paola
paolina
paolo
papagena
papageno
paper
papers
paqs
paquito
par
pardeep
pardip
pardo
parham
paris
park
parke
parker
parkinson
parks
parminder
parnell
parrnell
parry
pars
parsifal
partap
partha
partick
parveen
parvin
parviz
pas
pascal
pascale
pascual
pascuala
pasiedb
pasquale
pass
pastora
pat
patadm
patch
patches
patching
patchit
pate
paten
patience
patin
paton
patra
patri
patric
patrica
patrice
patricia
patricio
patrick
patrizia
patrizio
patrizius
patrol
patsy
patt
patten
patti
pattie
pattin
patton
patty
pau
paul
paula
paule
pauletta
paulette
pauli
paulie
paulien
paulina
pauline
paulinus
paulita
paulo
paulus
pauly
pavel
pavia
pavla
pavlov
pawel
paxon
paxton
payroll
payton
paz
PBX
pcta
PCUSER
pde
PDMREMI
PDP11
PDP8
peace
peach
peadar
pearce
pearl
pearla
pearle
pearlie
pearline
pebrook
peder
pedro
peg
pegeen
peggi
peggie
peggy
pei-chien
peirce
pelayo
pelly
pembroke
pen
penang
penelopa
penélope
penelope
peng
PENG
peng-david
pengbo
pengchao
pengcheng
pengdan
pengfang
pengfei
pengfeng
penggang
penghao
penghua
penghui
pengjie
pengjing
pengjun
pengkai
penglei
pengli
pengliang
pengling
pengmin
pengpeng
pengqiang
pengtao
pengwei
pengyan
pengyong
pengyun
penn
penni
pennie
penny
penrod
pension
peony
pepa
pepe
pepi
pepillo
pepita
pepito
pepper
per
perceval
percival
percy
peregrine
peri
peria
perice
perkin
perl
perla
perle
pernell
perren
perri
perrie
perrin
perrine
perry
persephone
persis
pet
peta
petar
pete
peter
peterus
petey
petr
petra
petre
petri
petrina
petrona
petronella
petronia
petronila
petronilla
petronille
petter
petunia
pey-kee
peyter
peyton
PFCUser
pfsense
pgsql
phaedra
phaidra
phan
PHANTOM
phat
phebe
phebian
phedra
phelia
phil
philbert
philip
philipa
philippa
philippe
philippine
philis
phillida
phillie
phillip
phillipa
phillipe
phillipp
phillis
philly
philomena
phineas
phip
phoebe
phoenix
php
phpmyadmin
phu
phuoc
phuong
phyl
phylis
phyllida
phyllis
phyllys
phylys
pi
pía
pia
pic
pick
piedad
pier
pierce
pierette
piero
pierre
pierre-alain
pierre-andre
pierre-henri
pierre-marc
pierre-yves
pierrette
pierrick
piers
pierson
pieter
pietra
pietrek
pietro
piggy
pilar
pili
pinakin
pincas
pinchas
pincus
pinder
pinecrest
ping
ping-kong
pío
piotr
pip
piper
pippa
pippo
pippy
piranha
pirooz
piroska
pit
pittsburgh
pivert
pixie
piyush
plácido
platón
pmd
po
PO
PO8
pobear
poh-soon
pojanart
pol
poldi
policy
polkitd
poll
pollinate
polly
pollyanna
polycom
ponce
poncio
pooh
pop
pop3
poppy
popr
porfirio
port
portal
porter
portia
portie
porty
POST
postfix
postgre
postgres
postgresql
postman
postmaster
POSTMASTER
poul
poulos
powell
power
POWERCARTUSER
powerdown
ppp
prab
prabir
pradeep
pradip
pradyumn
prafula
prakash
pramod
prams
prashant
pratibha
praveen
prayson
preciosa
precious
prem
pren
prent
prentice
prentiss
prescott
presley
preslie
preston
previn
price
pricing
PRIMARY
primavera
prime
primenet
primitiva
primo
primos_cs
primrose
prince
princess
princeton
print
PRINT
printer
PRINTER
prinz
priore
pris
prisca
priscella
priscila
priscilla
prissie
pritchard
priti
prity
PRIV
private
priya
problems
PROCAL
prod
PRODBM
production
proftpd
PROMAIL
promise
proxmox
proxy
pru
prudence
prudencia
prudi
prudy
prue
pryce
pryor
PSEAdmin
PSFMAINT
pub
public
publicsrv
publicuser
pubsub
PUBSUB
puff
pui-wah
pulak
pulse
puneet
puppet
pura
puran
purcell
purificación
purnam
putnam
putnem
pvm
PVM
pvx
pwadmin
pyotr
python
QA
qainfo
qainsp
qhhr
qian
qianbo
qianchao
qianchen
qiancheng
qianfang
qianfeng
qiangang
qianhao
qianhua
qianjiang
qianjie
qianjin
qianjing
qianjun
qiankai
qiankun
qianlei
qianliang
qianmin
qianming
qianping
qiantao
qianwei
qianyong
qiaofeng
qiaojun
qiaolei
qiaowei
qifei
qifeng
qihoo
qinbo
qinchao
qinchuan
qinfei
qinfeng
qingang
qinhao
qinhua
qinjian
qinjie
qinjing
qinjun
qinlei
qinli
qinliang
qinling
qinlong
qinming
qinpeng
qinqin
qintao
qinwei
qinyan
qinyi
qinyong
qiwei
qpgmr
qq
qradar
qsecofr
qserv
qsrv
qsrvbas
qsvr
qsysopr
quality
quan
quang
quang-trung
qubo
queen
queenie
quent
quentin
querida
querubina
quiana
quico
quill
quillan
quincey
quincy
quinlan
quinn
quino
quint
quinta
quintana
quintilla
quintín
quintin
quintina
quinton
quintrell
quintus
quique
quoc
quoc-vu
quon
quser
qutao
quyen
quynh
qwer
rab
rabbi
rabi
rabia
rachael
rachel
rachele
rachelle
racquel
rad
radames
radcliffe
raddie
raddy
radford
radha
radio
radomir
radoslav
rae
raeann
raegan
raelyn
raf
rafa
rafael
rafaela
rafaelia
rafaelita
rafaellle
rafaello
rafe
raff
raffaello
raffarty
rafferty
raffi
rafi
rafiq
raghuvir
ragnar
ragu
ragui
rahal
raheem
rahel
rahul
raiden
raimondo
raimund
raimundo
raina
raine
rainer
raj
rajan
rajani
rajeev
rajesh
rajinderpal
rajiv
raju
rakel
rakesh
rakhuma
raleigh
ralf
ralina
ralph
ram
rama
ramakant
raman
ramana
ramanamurthy
ramanand
ramaprakash
rameel
ramesh
ramez
ramin
ramiro
ramiz
ramniklal
ramón
ramon
ramona
ramonda
ramsay
ramses
ramsey
ramsha
ran-joo
rana
rance
rancell
rand
randa
randal
randall
randee
randell
randene
randhir
randi
randie
randolf
randolph
randy
ranea
ranee
ranga
rani
rania
ranice
ranique
ranjit
rank
ranna
ransell
ransom
ranson
ranvir
rao
raouf
raoul
raphael
raphaela
raquel
raquela
rashad
rashan
rashid
rashmi
rasia
rasla
raudres
raúl
raul
raven
ravi
ravid
ravinder
raviv
rawley
ray
raya
raychel
raydon
raye
raylan
raymond
raymund
rayna
raynald
raynard
rayne
raynell
rayner
raynor
rayshell
raz
rch
rchisn
rchlab
rcust
RDM470
rdp
RE
rea
read
reade
readonly
readwrite
reagan
reagen
real
reamonn
reanna
reanne
reba
rebbecca
rebe
rebeca
rebecca
rebecka
rebeka
rebekah
rebekkah
rec
record
recovery
red
redd
redford
redgie
redhat
redis
redsocks
ree
reeba
reece
reed
reef
reena
rees
reese
reeta
reeva
reg
regan
regen
reggi
reggie
reggis
reggy
regina
reginald
reginauld
regine
regis
rehan
reid
reidar
reider
reiko
reilly
reina
reinald
reinaldo
reinaldos
reind
reine
reinhard
reinhold
reinold
reinwald
rejean
rejeanne
rem
remco
reme
remedios
remi
remington
remo
remote
remus
remy
ren
rena
renado
renae
renaldo
renard
renata
renate
renato
renaud
renault
renbo
renchao
rené
rene
rene-alain
renee
renell
renelle
renesmee
renfang
renfei
renfeng
rengang
renhao
renhua
renhui
renie
renjia
renjian
renjianguo
renjianjun
renjie
renjing
renjun
renkai
renlei
renli
renliang
renmin
renna
rennie
renny
reno
renpeng
renping
renqiang
rentao
renu
renwei
renyan
renyi
renyong
renyuan
renzhiqiang
replicator
report
REPORT
reports
reportuser
restore
reta
retha
reube
reuben
reuven
reva
revkah
rex
rey
reyaud
reyna
reynaldo
reynard
reynold
reynolds
reza
reznechek
rfindd
rhea
rheal
rheba
rheta
rhett
rhetta
rhiamon
rhian
rhianna
rhiannon
rhianon
rhoda
rhodia
rhodie
rhodri
rhody
rhona
rhonda
rhydian
rhys
ri
ria
rian
riane
rianna
riannon
rianon
riaz
ric
rica
ricard
ricardo
ricca
riccardo
rice
rich
richard
richardo
richardson
richart
richelle
richie
richmond
richmound
richy
rici
rick
rickard
rickert
rickey
ricki
rickie
rickrd
ricky
rico
ricoriki
rider
ridley
riekie
rieni
rigby
rigel
rigoberto
rihanna
rijn
rijos
rijswijk
rik
riker
riki
rikki
riley
rilla
rima
rina
rinaldo
ring
ringo
rini
rio
riobard
riordan
rip
ripley
riqui
risa
riseadmin@1.com
riseadmin@126.com
riseadmin@163.com
riseadmin@163.net
riseadmin@dingtalk.com
riseadmin@gmail.com
riseadmin@hotmail.com
riseadmin@mail.com
riseadmin@qq.com
riseadmin@test.com
riseadmin@yahoo.com
rita
ritchie
riva
rivalee
river
rivi
rivkah
rivy
riya
riyad
riyan
riyana
riyaz
rizwan
rizzo
rje
RJE
RMAIL
RMAN
rmsadmin
RMUser1
ro
roadie
roan
roana
roanal
roanna
roanne
roarke
rob
robb
robbert
robbi
robbie
robbin
robby
robbyn
robena
robenia
robers
robert
roberta
roberto
robertson
robin
robina
robinet
robinett
robinetta
robinette
robinia
robinson
robson
roby
robyn
rocco
roch
rochell
rochella
rochelle
rochester
rochette
rocío
rocio
rock
rocke
rockey
rockie
rockwell
rocky
rod
roda
rodd
roddie
roddy
roderic
roderich
roderick
roderigo
rodge
rodger
rodi
rodie
rodina
rodney
rodolfo
rodolph
rodolphe
rodri
rodrick
rodrigo
rodrigus
rodrique
roe
roel
roelof
rog
rogelio
roger
rogerio
rogers
rohan
rohit
roi
rois
roish
roisin
rojer
roland
rolanda
rolande
rolando
roldan
role
role1
roley
rolf
rolfe
rolland
rollie
rollin
rollins
rollo
rolly
rolph
roly
roma
romain
román
roman
romana
romano
romeo
romina
rommel
romola
romona
romonda
romualdo
romulus
romy
ron
rona
ronald
ronalda
ronan
ronda
ronen
rong-chin
roni
roni-jean
ronica
ronn
ronna
ronneke
ronni
ronnica
ronnie
ronny
roobbie
rooney
roosevelt
root
Root
ROOT
root@1.com
root@126.com
root@163.com
root@163.net
root@dingtalk.com
root@gmail.com
root@hotmail.com
root@mail.com
root@qq.com
root@test.com
root@yahoo.com
rooty
roque
rora
rori
rorie
rorke
rory
ros
rosa
rosabel
rosabella
rosabelle
rosaleen
rosalia
rosalie
rosalina
rosalind
rosalinda
rosalinde
rosaline
rosalyn
rosalynd
rosalynn
rosamond
rosamund
rosana
rosanna
rosanne
rosario
rosaura
rosco
roscoe
rose
roseann
roseanna
roseanne
roselia
roselin
roseline
rosella
roselle
rosemaria
rosemarie
rosemary
rosemonde
rosendo
rosene
roseta
rosetta
rosette
roshelle
rosie
rosiey
rosina
rosita
roslyn
rosmary
rosmunda
ross
rossie
rossy
rosy
roth
roupen
rourke
router
ROUTER
routeros
rouvin
row
rowan
rowe
rowen
rowena
rowland
rowney
roxana
roxane
roxanna
roxanne
roxi
roxie
roxine
roxy
roy
roya
royal
royall
royce
roz
rozalia
rozalie
rozalin
rozamond
rozanna
rozanne
roze
rozele
rozella
rozelle
rozett
rozina
rozlynn
rpc
rpcuser
rriocard
rsadmin
RSBCMON
RSCS
RSCSV2
rsync
rtkit
ru
ruairi
rube
rubén
ruben
rubetta
rubi
rubia
rubie
rubin
rubina
ruby
ruchel
ruchi
rudd
ruddie
ruddy
rudie
rudiger
rudolf
rudolfo
rudolph
rudy
rudyard
rue
rueben
rufe
rufina
rufo
rufus
ruggiero
rui
rui-yuan
rule
rungroj
rupert
ruperta
ruperto
ruprecht
rurick
rurik
russ
russel
russell
rustie
rustin
rustu
rusty
rut
rutger
ruth
ruthann
ruthanne
ruthe
rutherford
ruthi
ruthie
ruthy
rutledge
rutter
ruttger
ruud
ruy
rw
rwa
rwhod
ry
ryan
ryann
ryanne
rycca
rydel
ryder
ryker
rylan
ryland
ryle
rylee
ryleigh
ryley
rylie
ryman
ryon
ryoung
ryszard
ryun
sa
saba
sabah
sabina
sabine
sable
sabra
SABRE
sabrina
sabuson
sacha
sachiko
sacto
sada
sadan
sade
sadella
sadhbh
sadie
sadmin
sadru
sadye
saeed
saeid
safeadmin
saffron
safire
safiya
sage
sahara
saibal
said
saidee
saied
saige
saira
sait
sal
salah
salaidh
saleem
saleh
salem
sales
salim
salina
salis
sallee
salli
sallie
sally
sallyann
sallyanne
salma
salman
salmon
saloma
salomé
salome
salomi
salomo
salomón
salomon
salomone
salt
salud
salva
salvador
salvadora
salvatore
salvi
salvia
salvidor
sam
saman
samanta
samantha
samara
samaria
sameh
sami
samia
samir
samira
sammie
sammy
SAMPLE
sampson
samson
samu
samual
samuel
samuele
sanae
sanchez
sancho
sande
sandeep
sander
sanders
sanderson
sandhya
sandi
sandie
sandor
sandra
sandrine
sandro
sandy
sandye
saned
sanford
sang-maun
sangfor
sangman
sania
sanja
sanjay
sanjeet
sanjeev
sanjoy
sanson
sansone
santi
santiago
santos
saoirse
SAP*
SAPCPIC
saphira
sapphira
sapphire
sara
sara-ann
saraann
sarah
sarai
sarajane
sarangarajan
sarath
saray
saree
sarena
sarene
sarette
sarge
sargent
sari
sarina
sarine
sarita
sariya
saroj
sascha
sasha
sashenka
sask
saskia
sastry
saswata
satan
sati
satoshi
sattar
satyajit
saudra
saul
saumitra
sauncho
saunder
saunders
saunderson
saundra
sauveur
savanna
savannah
savina
savita
SAVSYS
saw
sawyer
sawyere
sax
saxe
saxon
say
sayed
sayeeda
sayer
sayers
sayla
sayre
sayres
sbox
scarface
scarlet
scarlett
sccmadmin
schaffer
schell
schouwen
schuyler
schyndel
scmadmin
scot
scott
SCOTT
scotti
scottie
scotty
scovill
scpbuild
scpiivo
scptest
script
scripts
scrm
seamus
sean
seana
seang
seanna
seb
seba
sebas
sebastián
sebastian
sebastianne
sebastiano
sebastien
sebestian
SECDEMO
secoff
secofr
secrecy
security
sedat
sedigheh
see
seelan
seema
segismundo
segunda
seiji
seiko
seka
sela
selah
selby
selcuk
selena
selene
selestina
selia
selicia
selie
selig
selim
selime
selina
selinda
seline
sella
selle
selma
selva
selvaraj
selwyn
semmler
sena
senuri
sephira
september
serafina
seraphina
seraphine
serban
serdar
seren
serena
serene
serenity
serge
sergeant
sergei
sergent
sergi
sergio
sergiu
server
service
servlet
seth
setroubleshoot
setsuko
setup
SETUP
seumas
seungchul
seven
sever
severin
severino
seward
sey-ping
seyar
seyfollah
seyma
seymour
SFCMI
SFCNTRL
sftp
sgiweb
shabbir
shadow
shadrach
shae
shaelyn
shafiq
shafique
shahab
shahid
shahram
shahriar
shahrokh
shaib
shaibal
shailendra
shailesh
shailin
shaina
shaine
shaji
shaker
shakira
shakoor
shalei
shalna
shalne
shalom
shama
shamim
shamira
shamshad
shamsia
shamus
shan
shana
shanan
shanaya
shanda
shandee
shandeigh
shandie
shandra
shandy
shane
shangqi
shangqileilei
shani
shania
shanie
shankar
shanna
shannah
shannan
shannen
shannon
shanon
shanta
shantee
shantell
shanti
shara
sharad
sharai
sharee
shari
sharia
sharity
sharl
sharla
sharleen
sharlene
sharline
sharon
sharona
sharone
sharri
sharron
shary
sharyl
sharyn
shashank
shashi
shaughan
shaughn
shaukat
shaun
shauna
shaw
shawn
shawna
shawnee
shawnette
shay
shayla
shaylah
shaylyn
shaylynn
shayna
shayne
shea
sheba
shedman
sheela
sheelagh
sheelah
sheena
sheeree
sheff
sheffie
sheffield
sheffy
sheila
sheila-kathryn
sheilah
sheilakathryn
sheileagh
shekar
shekhar
shel
shela
shelagh
shelba
shelbi
shelby
shelden
sheldon
shelia
shell
shelley
shelli
shellie
shelly
shellysheldon
shelton
shem
shen-zhi
shena
shenbin
shenbing
shenbo
shenchao
shenchen
shendan
shenfang
shenfei
shenfeng
shengang
shengwei
shenhao
shenhong
shenhua
shenhui
shenji
shenjia
shenjian
shenjianguo
shenjianhua
shenjianjun
shenjianping
shenjie
shenjing
shenjun
shenkai
shenlei
shenleilei
shenli
shenliang
shenlin
shenling
shenmin
shenming
shenning
shenpeng
shenping
shenqiang
shenqin
shenqing
shentao
shenwei
shenxia
shenxiang
shenyan
shenyang
shenyi
shenying
shenyong
shenyue
shenyun
shep
shepard
shepherd
sheppard
shepperd
sher
sheree
sheri
sheri-lynn
sheridan
sherie
sherill
sherilyn
sherline
sherlock
sherlocke
sherm
sherman
shermie
shermy
sherrel
sherri
sherrie
sherrill
sherry
sherrye
sherryl
sherwin
sherwood
sherwyn
sherwynd
sherye
sheryl
shichao
shiela
shifeng
shigang
shigeki
shigeru
shih-dar
shihui
shijian
shijie
shijing
shijun
shila
shilei
shiliang
shilin
shilla
shiloh
shimin
shina
shing-cheong
shing-chi
shingcheon
shinichi
shinichiro
shipeng
shiqiang
shir
shirene
shirin
shirish
shirl
shirlee
shirleen
shirlene
shirley
shirley-ann
shirline
shiroshi
shitao
shiu
shiv
shiva
shivani
shivdarsan
shiwei
shiyan
shiyong
shiyu
shizhan
shlomo
shobana
shoeb
shoji
sholom
shona
shonagh
shorwan
shoshana
shoshanna
shou
shou-mei
shouli
shreya
shuang
shubham
shuchang
shuichi
shuji
shunhui
shunro
shuo
shuqing
shurlock
shurlocke
shurwood
shutdown
shutterbug
shya-yun
shyam
shyann
shyla
shyoko
si
siamack
siamak
sian
siana
sianna
sib
sibbie
sibby
sibeal
sibel
sibella
sibelle
sibilla
sibley
sibyl
sibylla
sibylle
sichao
sickle
sid
sidnee
sidney
sidone
sidoney
sidonia
sidonnie
sieber
siegfried
sienna
sierra
siew
siew-kiat
siffre
sig
sigfrid
sigfried
siggy
sigismond
sigismondo
sigismund
sigismundo
sigmund
signa
sigourney
sigrid
sigvard
sigver
siham
sik-yin
sika
sil
silas
sile
sileas
silva
silvain
silvan
silvana
silvano
silvanus
silvester
silvestre
silvestro
silvia
silvie
silvio
sim
simen
simeón
simeon
simhan
simmonds
simón
simon
simon-cheuk
simon-pui-lok
simona
simone
simonette
simonne
simran
simulation
sinclair
sinclare
sindee
sindy
sinead
sing-pin
sinh
siobhan
sioux
siouxie
sir
sisely
sisile
sissela
sissie
sissy
site
siteadmin
siu-ling
siu-man
siusan
siva
siward
sixto
skell
skelly
skiclub
skip
skipp
skipper
skippie
skippy
skipton
sky
skye
skylar
skyler
skylyn
slade
sloan
sloane
sluis
sly
SMART
smb
smc
smita
smith
smitty
smtp
snair
snake
snehal
snoop
snort
snow
so
socorro
sofeya
sofi
sofía
sofia
sofie
soft
softs
software
sohail
sohale
sohayla
sol
solana
solaris
sole
soledad
solita
sollie
solly
solomon
somerset
somsak
son
sonbol
sondra
songbin
songbing
songbo
songchao
songdan
songdandan
songfang
songfei
songfeng
songgang
songge
songhaitao
songhaiyan
songhao
songhua
songhui
songjia
songjian
songjianguo
songjianhua
songjianjun
songjie
songjing
songjun
songkai
songlei
songleilei
songli
songliang
songlili
songlin
songling
songlingling
songmin
songming
songna
songning
songpeng
songping
songqiang
songshuang
songtao
songwei
songwen
songxiaodong
songxin
songyan
songyang
songyi
songying
songyong
songyu
songzhigang
songzhiqiang
sonia
sonja
sonni
sonnie
sonnnie
sonny
sono
sonoe
sonsoles
sonya
sophey
sophi
sophia
sophie
sophronia
sophy
soraya
sorcha
soren
sorin
sorrel
sosanna
sotos
souheil
souphalack
souza
soyeh
soyong
spadmin
spam
spamd
spcl
speech-dispatcher
spence
spencer
spense
spenser
spicer
spike
spiros
splunk
SPOOLMAN
spring
SPSAdmin
sql
sqladm
sqladmin
sqlbackup
SQLDBA
sqlserver
sqlsrv
sqluser
SQLUSER
squid
squirrel
squirrelmail
squirreluser
srinivas
sriranjani
sriv
ssh
sshd
sshduser
sshuser
ssladmin
sslh
sso
ssoadmin
sssd
stace
stacee
stacey
staci
stacia
stacie
stacy
stafani
staff
staffard
stafford
staford
stan
standford
stanfield
stanford
stanislas
stanislaus
stanislaw
stanleigh
stanley
stanly
stanton
stanwood
star
starla
starlene
starlet
starlin
starr
stars
starsdps
stateson
stats
status
stavro
stavros
stclair
stearn
stearne
steen
stefa
stefan
stefanía
stefania
stefanie
stefano
steffane
steffen
steffi
steffie
steinar
stella
steph
stepha
stephan
stephana
stephane
stephani
stephanie
stephannie
stephanus
stephany
stephen
stephenie
stephi
stephie
stephine
stergios
sterling
stern
sterne
stesha
stevana
steve
steven
stevena
stevie
stevy
stew
steward
stewart
stillman
stillmann
stinky
stirling
stock
stoddard
stone
storm
stormi
stormie
stormy
storwatch
struan
stu
stuart
student
STUDENT
stunnel4
su
suat
subhash
subhashini
subhra
subi
subo
subra
subramaniam
subu
subversion
sucha
suchang
suchao
sudan
sudesh
sue
sue-may
sueanne
suellen
sufeng
sufyan
sugar
suha
suhang
suhao
suhas
suhong
suhua
sujian
sujie
sujing
sujun
suk-yin
sukey
sukhendu
sukhwant
suki
sula
sule
sulei
suli
suliang
sulin
sullivan
sully
sultan
sumin
suming
summer
sumner
suna
sunbb
sunbin
sunbing
sunbo
sunchang
sunchao
sunchen
suncheng
sundan
sundandan
sundaram
sundawei
sundong
sundongmei
sunfang
sunfei
sunfeng
sungang
sunguodong
sunguohua
sunguoping
sunguoqiang
sunguoqing
sunhai
sunhaibo
sunhaifeng
sunhaijun
sunhailong
sunhaitao
sunhaiyan
sunhao
sunhong
sunhongjun
sunhongmei
sunhongwei
sunhongxia
sunhu
sunhua
sunhui
sunil
suning
sunjia
sunjian
sunjianguo
sunjianhua
sunjianjun
sunjianming
sunjianping
sunjianwei
sunjianxin
sunjie
sunjin
sunjing
sunjingjing
sunjun
sunjunjie
sunkai
sunkang
sunke
sunle
sunlei
sunleilei
sunli
sunliang
sunlihua
sunlijun
sunlilei
sunlili
sunlin
sunlina
sunling
sunlingling
sunliping
sunlixin
sunlong
sunmei
sunmeng
sunmin
sunming
sunmingming
sunna
sunning
sunny
sunpeng
sunpengfei
sunping
sunqi
sunqiang
sunqin
sunqing
sunquan
sunrong
sunrui
sunshine
sunshuai
suntao
suntong
sunw
sunwei
sunweidong
sunweiwei
sunwen
sunwu
sunxia
sunxiang
sunxiao
sunxiaodong
sunxiaofeng
sunxiaoguang
sunxiaohong
sunxiaoming
sunxiaoyan
sunxin
sunxiuying
sunxu
sunxudong
sunxue
sunxuefeng
sunxuemei
sunxun
sunxy
sunyan
sunyang
sunyi
sunying
sunyingying
sunyong
sunyu
sunyue
sunyuhua
sunyumei
sunyun
sunzhe
sunzhen
sunzheng
sunzhenhua
sunzhigang
sunzhiguo
sunzhijun
sunzhiqiang
sunzhiwei
sunzhiyong
supadm
supadm01
supadm02
supadm03
supadm1
supadm2
supadm3
supadmin
supeng
super
super_admin
super1
superadm
superadmin
superadmin@1.com
superadmin@126.com
superadmin@163.com
superadmin@163.net
superadmin@dingtalk.com
superadmin@gmail.com
superadmin@hotmail.com
superadmin@mail.com
superadmin@qq.com
superadmin@test.com
superadmin@yahoo.com
superdba
superman
supermaster
superuser
supervis
supervisor
SUPERVISOR
supervisor@1.com
supervisor@126.com
supervisor@163.com
supervisor@163.net
supervisor@dingtalk.com
supervisor@gmail.com
supervisor@hotmail.com
supervisor@mail.com
supervisor@qq.com
supervisor@test.com
supervisor@yahoo.com
suping
support
supriya
suqiang
surendra
suria
surinder
surveillance
survey
surya
susan
susana
susanetta
susann
susanna
susannah
susanne
susette
susi
susie
susil
susy
sutao
sutherlan
sutherland
sutton
suvanee
suwei
suwen
suyan
suyang
suyi
suying
suyong
suyu
suzan
suzane
suzann
suzanna
suzanne
suzette
suzi
suzie
suzy
sven
svend
svenn-erik
svn
svr
sw
swact
swandi
swd
swee-joo
swei
swen
sxghsxy
sxiuying
sxy
sybil
sybila
sybilla
sybille
sybyl
syd
sydel
sydelle
sydney
syed
syl
sylas
sylva
sylvain
sylvan
sylvester
sylvia
sylvie
sylvio
sym
syman
symen
symon
symop
sync
synful
syrus
sys
SYS
sysadm
SYSADM
sysadm01
sysadm02
sysadm03
sysadm1
sysadm2
sysadm3
sysadmin
sysauditor
SYSAUDITOR
sysbin
SYSCKP
SYSDBA
SYSDUMP1
SYSERR
syslog
syslogin
sysmail
SYSMAINT
SYSMAN
sysmanager
sysmgr
sysop
Sysop
sysopr
SYSSSO
system
SYSTEM
system_admin
system01
system02
system03
system123
systemadm
systemadmin
SystemAdmin
systemd-bus-proxy
systemd-coredump
systemd-network
systemd-resolve
systemd-timesync
systemuser
systest
SYSTEST
SYSTEST_CLIG
sysunix
sysuser
SYSWRM
syyed
szxtest
tab
tabatha
tabb
tabbatha
tabbi
tabbie
tabbitha
tabby
taber
tabina
tabita
tabitha
tabor
tac
tad
tadayuki
tadd
taddeo
taddeusz
tadeas
tadeo
tades
tadeusz
tadhg
tadio
tae
taelyn
taffy
tagan
tahir
tahlia
tai
tai-jen
tailor
tailynn
tait
taite
taiwana
tak
tak-wai
takako
takashi
takehiko
takis
tala
talbert
talbot
talía
talia
talitha
taliyah
tallia
tallie
tallou
tallulah
tally
talon
talya
talyah
tam
tamar
tamara
tamarah
tamarra
tamas
tameka
tamera
tami
tamia
tamika
tamiko
tamma
tammara
tammi
tammie
tammy
tamqrah
tamra
tamsin
tan
tana
tanbo
tanchao
tandi
tandie
tandy
tane
tangbo
tangchao
tangfang
tangfei
tangfeng
tanghaiyan
tanghao
tanghong
tanghua
tanghui
tangjia
tangjian
tangjianhua
tangjianjun
tangjie
tangjing
tangjun
tangkai
tanglei
tangli
tangliang
tanglin
tangling
tangmin
tangming
tangna
tangning
tangpeng
tangping
tangqiang
tangtao
tangwei
tangwen
tangxu
tangyan
tangyi
tangying
tangyong
tangyu
tangyun
tanhya
tani
tania
tanika
tanisha
tanitansy
tanjie
tanjing
tanjun
tanlei
tanmin
tann
tanner
tanney
tannie
tanny
tansy
tanwei
tanya
tanyong
tao
taobo
taofeng
taohong
taohua
taojie
taojin
taojing
taojun
taolei
taoli
taoliang
taomin
taoran
taotao
taowei
taoye
taoyong
tap
tape
tara
tarah
tarik
tariq
taro
tarquin
tarra
tarrah
tarrance
tarte
tarus
taryn
taryna
tas
tash
tasha
tasia
tasmin
tat
tata
tate
tatiana
tatiania
tats
tatsman
tatsuya
tatum
tatyana
tavis
tawana
tawauna
tawnya
tawsha
taya
tayah
tayden
taye
tayeb
tayla
taylah
tayler
taylor
tc
tchangid
tcpdump
TDISK
tdr
te-wei
teacher
teador
teagan
teague
team
tec
tech
technical
technician
tecla
ted
tedd
tedda
teddi
teddie
teddy
tedi
tedie
tedman
tedmund
tedra
teegan
teena
teetwo
tegan
tehchi
teigan
teiichi
teirtza
tej
teladm
tele
TELEDEMO
telma
telnet
telnetuser
temp
TEMP
temp1
tempadmin
temperance
temple
templeton
tempuser
tenille
tenney
teo
teodoor
teodor
teodora
teodorico
teodoro
teófila
tera
tere
terence
terencio
teresa
terese
teresina
teresita
teressa
terez
teri
teriann
terra
terrance
terrel
terrell
terrence
terri
terri-jo
terrie
terrijo
terrill
terry
terrye
tersina
teruko
terza
tesa
tesfagaber
tess
tessa
tessi
tessie
tessty
tessy
test
test@1.com
test@126.com
test@163.com
test@163.net
test@dingtalk.com
test@gmail.com
test@hotmail.com
test@mail.com
test@q.com
test@qq.com
test@test.com
test@yahoo.com
test001
test01
test02
test03
test1
test1@1.com
test1@126.com
test1@163.com
test1@163.net
test1@dingtalk.com
test1@gmail.com
test1@hotmail.com
test1@mail.com
test1@qq.com
test1@test.com
test1@yahoo.com
test123
test123@1.com
test123@126.com
test123@163.com
test123@163.net
test123@dingtalk.com
test123@gmail.com
test123@hotmail.com
test123@mail.com
test123@qq.com
test123@test.com
test123@yahoo.com
test1980
test1981
test1982
test1983
test1984
test1985
test1986
test1987
test1988
test1989
test1990
test1991
test1992
test1993
test1994
test1995
test1996
test1997
test1998
test1999
test2
test2@1.com
test2@126.com
test2@163.com
test2@163.net
test2@dingtalk.com
test2@gmail.com
test2@hotmail.com
test2@mail.com
test2@qq.com
test2@test.com
test2@yahoo.com
test2000
test2001
test2002
test2003
test2004
test2005
test2006
test2007
test2008
test2009
test2010
test2011
test2012
test2013
test2014
test2015
test2016
test2017
test2018
test2019
test2020
test3
test4
test5
test6
test7
test8
test9
testaccount
testadmin
testdemo
tester
testest
testftp
testing
testmail
testroot
testtest
testuser
testuser@1.com
testuser@126.com
testuser@163.com
testuser@163.net
testuser@dingtalk.com
testuser@gmail.com
testuser@hotmail.com
testuser@mail.com
testuser@qq.com
testuser@test.com
testuser@yahoo.com
testuser1
testuser2
testuser3
tetis
tetsumo
tetsuo
tetsuya
tetsuyuki
tevin
tex
teymour
thacher
thad
thaddeus
thaddus
thadeus
thain
thaine
thais
thakor
thalia
thane
thang
thanh
thanh-ha
thanh-hoa
thanh-hung
thanh-quoc
thanh-son
thanh-tinh
thanos
thatch
thatcher
thaxter
thayne
the
thea
theadora
thebault
theda
thedora
thedric
thedrick
theia
thekla
thelma
theo
theobald
theodor
theodora
theodore
theodoric
theodosia
theon
theophilus
theresa
therese
theresina
theresita
theressa
therine
thi
thi-cuc
thia
thibaud
thibaut
thierry
thieu
thinh
thoai
thom
thoma
thomas
thomasa
thomasin
thomasina
thomasine
thompson
thomson
thor
thorin
thorn
thorndike
thornie
thornton
thorny
thorpe
thorstein
thorsten
thorvald
thrift
thuan
thuong
thurstan
thurston
thuthuy
thuy
tia
tiago
tian
tiana
tianbao
tianbo
tianchao
tianchuan
tiandan
tianfang
tianfei
tianfeng
tiangang
tianhao
tianhong
tianhua
tianhui
tianjie
tianjing
tianjun
tiankai
tianlei
tianli
tianliang
tianlin
tianling
tianlong
tianmiao
tianmin
tianming
tianpeng
tianqiang
tianqing
tiantao
tiantian
tianwei
tianxin
tianxue
tianyan
tianye
tianying
tianyong
tianyu
tianyuan
tianyun
tiara
tiberius
tibold
tibor
tidwell
tiebold
tiebout
tiegan
tien
tiena
tiernan
tierney
tiertza
tiff
tiffani
tiffanie
tiffany
tiffi
tiffie
tiffy
tiger
tiina
tilak
tilda
tildi
tildie
tildy
tiler
tillie
tilly
tilmon
tim
timi
timm
timmi
timmie
timmy
timofei
timoteo
timothea
timothee
timotheus
timothy
tin
tina
tine
tineke
ting
tini
tino
tinsley
tiny
tiong-hoe
tiphani
tiphanie
tiphany
tirrell
tish
tisha
titania
tito
titos
titus
tmp
tmpuser
tobe
tobey
tobi
tobiah
tobías
tobias
tobie
tobin
tobit
toby
tobye
tod
todd
toddie
toddy
toiboid
toinette
tom
toma
tomas
tomasa
tomasina
tomasine
tomaso
tomasz
tomcat
tome
tomi
tomkin
tomlin
tommi
tommie
tommy
tomoyoshi
tomy
toney
toni
toñi
tonia
tonie
tonnie
toño
tonu
tony
tonya
tonye
toor
tootsie
topicalt
topicnorm
topicres
topsec
tora
torcac
tore
torey
tori
torie
torin
torr
torrance
torre
torrence
torrey
torrie
torrin
torry
tory
toryn
tosca
toshi
toshihiro
toshinari
toss
tour
tova
tove
town
towney
townie
townsend
towny
toyanne
toyoji
trace
tracee
TRACESRV
tracey
traci
tracie
tracy
tran
trang
transfer
traver
travers
travis
travus
tray
trees
trefor
tremain
tremaine
tremayne
trenna
trent
trenton
tres
tresa
trescha
tresrch
tressa
trev
trevar
trever
trevon
trevor
trey
treyden
tri
tricci
tricia
tricord
trina
trinh
trinidad
trinity
trip
tripp
tris
trish
trisha
trista
tristam
tristan
tristano
tristen
triston
trix
trixi
trixie
trixy
trouble
troy
trstram
tru-fu
truda
trude
trudey
trudi
trudie
trudy
trueman
trula
trumaine
truman
trumann
truus
TSAFVM
TSDEV
tsing
tss
tst
tsugio
TSUSER
tsuyoshi
tu
tuan
tuandui
tuck
tucker
tuckie
tucky
tudor
tuesday
tuhina
tula
tulip
tull
tulley
tully
tun-lin
tung
tuoi
turgay
turkey
turner
turus
tushar
tutor
twana
twiggy
twila
twyla
txp
ty
tybalt
tybi
tybie
tye
tyke
tylan
tyler
tymon
tymothy
tynan
tyne
tyra
tyrell
tyren
tyrese
tyronda
tyrone
tyrus
tyson
tzung
ubuntu
udadmin
udale
udall
uday
udaya
udell
UETP
ugo
ula
ulberto
ulf
ulick
ulises
ulla
ulric
ulrica
ulrich
ulrick
ulrika
ulrikaumeko
ulrike
ultra
ulysses
uma
umakanth
umar
umberto
umeko
umesh
umountfs
umountfsys
umountsys
una
una-mae
unai
unice
unix
unixadmin
unreg
unscd
updates
upen
upload
uploader
ups
upton
urbain
urban
urbano
urbanus
uri
uriah
uriel
ursa
ursala
ursola
urson
úrsula
ursula
ursulina
ursuline
us_admin
usa
usama
usbmux
user
User
User ID
USER_TEMPLATE
user@1.com
user@126.com
user@163.com
user@163.net
user@dingtalk.com
user@gmail.com
user@hotmail.com
user@mail.com
user@qq.com
user@test.com
user@yahoo.com
USER0
user02
user03
user1
USER1
user123
user2
USER2
user3
USER3
user4
USER4
user5
USER5
user6
USER6
USER7
USER8
USER9
userabc
useradmin
userftp
username
USERP
users
usman
usr
usrouter
uswrsd
uta
utah
utilla
utpala
uucp
uucpadm
uuidd
uunko
vachel
vaclav
vadi
vagrant
vahe
vahid
vail
val
valaree
valaria
valarie
valdemar
vale
valeda
valencia
valene
valenka
valentia
valentijn
valentín
valentin
valentina
valentine
valentino
valera
valeria
valeriano
valerie
valery
valerye
valida
valina
valinda
valle
valli
vallie
vallier
vallipuram
vally
valma
valry
van
van-king
vance
vanda
vane
vanesa
vanessa
vania
vanity
vanna
vanni
vannie
vanny
vanya
varennes
varnish
vasan
vasco
vasili
vasilis
vasily
vassili
vassilis
vassily
VASTEST
vasu
vaughan
vaughn
vax
VAX
vbox
vcloud
ved
veda
veen
veena
veleta
velma
velvet
ven
venancio
veneice
venetia
venita
venkat
venkatakrishna
venkataraman
ventura
venus
vera
veradis
vere
verena
verene
verge
verghese
vergil
veriee
verification
verile
verina
verinder
verine
verity
verla
verlyn
vern
verna
verne
vernen
verney
vernice
vernon
vernor
vero
verónica
veronica
veronika
veronike
veronique
vesna
vesper
vevay
vi
vic
vicenta
vicente
vicheara
vick
vicki
vickie
vicky
victoir
víctor
victor
victoria
victorino
victorio
vicuong
vida
vidal
vidovic
vidovik
vidya
vienna
viera
viewer
vihan
vijai
vijay
vijayalaks
vijya
vikas
viki
vikki
vikky
vikram
viktor
viktoria
vilas
vilhelm
vilhelmina
vilis
vilma
vilok
vimal
vimi
vin
vina
vinay
vince
vincent
vincente
vincents
vincenty
vincenz
vincenzo
vinh
vinita
vinni
vinnie
vinny
vino
vinod
vinson
viola
violante
viole
violet
violeta
violetta
violette
vipi
viqar
virge
virgie
virgil
virgilio
virgina
virginia
virginie
vishal
vishwa
vispy
vita
vital
vite
vithit
vitia
vito
vitoria
vittoria
vittorio
viv
viva
vivek
vivi
vivia
vivian
viviana
viviane
vivianna
vivianne
vivie
vivien
viviene
vivienne
viviyan
vivyan
vivyanne
vlad
vladamir
vladimir
vladimiro
vlado
vm
VM3812
vmadm
vmadmin
VMARCH
VMASMON
VMASSYS
vmbackup
VMBACKUP
VMBSYSAD
vmchange
vmcord
vmmadmin
VMMAP
VMS
VMTAPE
VMTLIBR
VMUTIL
vmware
vnc
VNC
vo
von
vonda
vonni
vonnie
vonny
voort
vpn
vpnuser
vradmin
vries
vrinda
vrouwerff
VRR1
VSEIPO
VSEMAINT
VSEMAN
vt100
VTAM
VTAMUSER
vu
vuhoan
vuquoc
vyky
vyza
wade
wadsworth
wai
wai-bun
wai-chau
wai-ching
wai-hung
wai-leung
wai-man
waichi
wain
wainwright
wait
waite
waiter
waja
wakako
wake
wakefield
wald
waldemar
walden
waldo
waldon
walker
wallace
wallache
wallas
walley
wallie
wallis
walliw
wally
walsh
walt
walter
walther
walton
waly
wan
wanda
wandie
wandis
waneta
wang
wangaiguo
wangaihong
wangaihua
wangaijun
wangailing
wangaimin
wangaiping
wangan
wanganlei
wangb
wangbao
wangbaohua
wangbaolin
wangbeibei
wangbiao
wangbin
wangbinbin
wangbing
wangbingbing
wangbo
wangc
wangcaixia
wangcaiyun
wangcan
wangce
wangchang
wangchangchun
wangchangjiang
wangchangqing
wangchao
wangchaoqun
wangchen
wangcheng
wangchenggang
wangchenglin
wangchenglong
wangchenguang
wangchi
wangchong
wangchuan
wangchuang
wangchun
wangchunfang
wangchunguang
wangchunhong
wangchunhua
wangchunhui
wangchunlan
wangchunlei
wangchunlin
wangchunling
wangchunmei
wangchunming
wangchunping
wangchunsheng
wangchunxia
wangchunxiang
wangchunxiao
wangchunyan
wangchunyang
wangchunying
wangchunyu
wangcm
wangcong
wangcui
wangcuicui
wangcuiping
wangd
wangda
wangdajun
wangdan
wangdandan
wangdanlei
wangdapeng
wangdawei
wangdayong
wangdd
wangdehua
wangdejun
wangdeming
wangdeqiang
wangdm
wangdong
wangdongdong
wangdongfang
wangdonghai
wangdonghui
wangdongmei
wangdongming
wangdongsheng
wangdongxu
wangf
wangfan
wangfang
wangfangfang
wangfei
wangfeifei
wangfen
wangfeng
wangfenglan
wangfengqin
wangfengxia
wangfengying
wangfl
wangfujun
wangfuqiang
wangfusheng
wangfy
wangg
wanggang
wanggaofeng
wangge
wanggf
wanggh
wanggl
wanggr
wangguan
wangguang
wangguanghui
wangguangming
wanggui
wangguifang
wangguihua
wangguilan
wangguilin
wangguirong
wangguixiang
wangguiying
wangguizhen
wangguizhi
wangguodong
wangguofeng
wangguohua
wangguohui
wangguojun
wangguoliang
wangguomin
wangguoming
wangguoping
wangguoqiang
wangguoqing
wangguorong
wangguosheng
wangguowei
wangguoxiang
wangguoxing
wangguoying
wangguozhong
wanggx
wanggy
wanggz
wangh
wanghai
wanghaibin
wanghaibing
wanghaibo
wanghaidong
wanghaifeng
wanghaihong
wanghaihua
wanghaijiang
wanghaijun
wanghailei
wanghailiang
wanghailin
wanghailing
wanghailong
wanghaiming
wanghaining
wanghaipeng
wanghaiping
wanghaiqiang
wanghaiqing
wanghairong
wanghaisheng
wanghaitao
wanghaixia
wanghaiyan
wanghaiyang
wanghaiying
wanghaiyun
wanghan
wanghang
wanghao
wanghaoran
wanghaoyu
wanghe
wangheng
wangheping
wanghm
wanghong
wanghongbing
wanghongbo
wanghongjun
wanghonglei
wanghongliang
wanghongmei
wanghongtao
wanghongwei
wanghongxia
wanghongxing
wanghongyan
wanghongying
wanghongyu
wanghu
wanghua
wanghuan
wanghuanhuan
wanghuawei
wanghui
wanghuifang
wanghuihui
wanghuilei
wanghuimin
wanghy
wangj
wangjf
wangjg
wangjh
wangji
wangjia
wangjiajia
wangjiali
wangjian
wangjianbing
wangjianbo
wangjiancheng
wangjianchun
wangjiandong
wangjianfang
wangjianfei
wangjianfeng
wangjiang
wangjiangang
wangjiangtao
wangjianguang
wangjianguo
wangjianhong
wangjianhua
wangjianhui
wangjianjun
wangjianlei
wangjianli
wangjianliang
wangjianlin
wangjianlong
wangjianmin
wangjianming
wangjianping
wangjianqiang
wangjianrong
wangjianshe
wangjiansheng
wangjianwei
wangjianwen
wangjianxin
wangjianxun
wangjianying
wangjianyong
wangjianzhong
wangjiao
wangjiawei
wangjidong
wangjie
wangjihong
wangjin
wangjinbao
wangjinbo
wangjinfeng
wangjing
wangjingang
wangjingbo
wangjingjing
wangjinhai
wangjinhua
wangjinhui
wangjinliang
wangjinlin
wangjinling
wangjinlong
wangjinmei
wangjinming
wangjinping
wangjinrong
wangjinshan
wangjinsheng
wangjinsong
wangjintao
wangjinxia
wangjinyu
wangjj
wangjp
wangju
wangjuan
wangjun
wangjunfeng
wangjunhua
wangjunjie
wangjunwei
wangjunying
wangk
wangkai
wangkang
wangke
wangkui
wangkun
wangl
wanglan
wanglanying
wangle
wanglei
wangleijun
wangleilei
wanglele
wanglh
wangli
wangliang
wangliangliang
wanglibo
wanglidong
wanglifang
wanglifeng
wangligang
wangliguo
wanglihong
wanglihua
wanglijuan
wanglijun
wanglilei
wanglili
wanglimei
wanglimin
wangliming
wanglin
wanglina
wangling
wanglingling
wanglingyun
wanglinlin
wangliping
wangliqiang
wangliqin
wangliqun
wangliu
wangliwei
wanglixia
wanglixin
wangliyan
wangliying
wanglizhi
wanglj
wangll
wanglong
wanglongfei
wanglu
wangly
wangm
wangman
wangmei
wangmeihua
wangmeilei
wangmeili
wangmeiling
wangmeiying
wangmeng
wangmengmeng
wangmiao
wangmiaomiao
wangmin
wangming
wangminghua
wangminghui
wangmingjun
wangmingliang
wangmingming
wangmingyue
wangmingzhu
wangn
wangna
wangnan
wangnana
wangning
wangningning
wangp
wangpan
wangpanpan
wangpei
wangpeipei
wangpeng
wangpengcheng
wangpengfei
wangpin
wangping
wangpingping
wangq
wangqi
wangqian
wangqiang
wangqiaoling
wangqiaoyun
wangqiming
wangqin
wangqing
wangqingguo
wangqinghua
wangqingqing
wangqingsong
wangqiong
wangquan
wangqun
wangr
wangran
wangrong
wangronghua
wangrui
wangruifang
wangruihua
wangruixue
wangs
wangsai
wangsen
wangsh
wangshan
wangshanshan
wangshaobo
wangshaohua
wangshen
wangsheng
wangshengli
wangshijie
wangshijun
wangshiwei
wangshu
wangshuai
wangshuang
wangshuangshuang
wangshufang
wangshufen
wangshuguang
wangshuhua
wangshulan
wangshulei
wangshulin
wangshumei
wangshumin
wangshun
wangshuo
wangshuping
wangshuqin
wangshuxia
wangshuying
wangshuzhen
wangsisi
wangsl
wangsong
wangsongtao
wangsu
wangsuhua
wangsumei
wangsuqin
wangsuzhen
wangsy
wangsz
wangt
wangtao
WANGTEK
wangteng
wangtengfei
wangtian
wangtiantian
wangtie
wangtiejun
wangting
wangtingting
wangtong
wangtt
wangw
wangwei
wangweidong
wangweifeng
wangweiguo
wangweihong
wangweihua
wangweijie
wangweijun
wangweimin
wangweiming
wangweiping
wangweiqiang
wangweiwei
wangweixing
wangwen
wangwenbin
wangwenbo
wangwenchao
wangwendong
wangwenfeng
wangwengang
wangwenhai
wangwenhua
wangwenhui
wangwenjie
wangwenjing
wangwenjun
wangwenlei
wangwenliang
wangwenlong
wangwenming
wangwenping
wangwenqiang
wangwenqing
wangwensheng
wangwentao
wangwenwen
wangwenxia
wangwenxiang
wangwenying
wangwenzhong
wangwu
wangx
wangxf
wangxh
wangxi
wangxia
wangxiang
wangxiangdong
wangxiangyang
wangxiangyu
wangxiansheng
wangxiao
wangxiaobing
wangxiaobo
wangxiaochen
wangxiaochun
wangxiaodan
wangxiaodong
wangxiaofang
wangxiaofei
wangxiaofeng
wangxiaogang
wangxiaoguang
wangxiaohong
wangxiaohu
wangxiaohua
wangxiaohui
wangxiaojie
wangxiaojing
wangxiaojun
wangxiaolei
wangxiaoli
wangxiaoliang
wangxiaolin
wangxiaoling
wangxiaolong
wangxiaomei
wangxiaomin
wangxiaoming
wangxiaona
wangxiaoning
wangxiaopeng
wangxiaoping
wangxiaoqiang
wangxiaoqin
wangxiaoqing
wangxiaotong
wangxiaowei
wangxiaowen
wangxiaoxia
wangxiaoxiao
wangxiaoxu
wangxiaoxue
wangxiaoyan
wangxiaoyang
wangxiaoying
wangxiaoyong
wangxiaoyu
wangxiaoyun
wangxin
wangxing
wangxingang
wangxingguo
wangxinghua
wangxinguo
wangxingxing
wangxinhua
wangxinjian
wangxinjun
wangxinmin
wangxinming
wangxinping
wangxinsheng
wangxinwei
wangxinxin
wangxinyu
wangxiong
wangxiu
wangxiufang
wangxiufen
wangxiuhong
wangxiuhua
wangxiulan
wangxiulei
wangxiuli
wangxiuling
wangxiumei
wangxiuping
wangxiuqin
wangxiurong
wangxiuying
wangxiuyun
wangxiuzhen
wangxiuzhi
wangxl
wangxm
wangxr
wangxu
wangxuan
wangxudong
wangxue
wangxuedong
wangxuefei
wangxuefeng
wangxuejiao
wangxuejun
wangxuelian
wangxuemei
wangxueqin
wangxuesong
wangxuewen
wangxuguang
wangxun
wangxy
wangxz
wangy
wangya
wangyadong
wangyafei
wangyahui
wangyajun
wangyalei
wangyali
wangyaling
wangyan
wangyanan
wangyanchun
wangyanfang
wangyanfei
wangyang
wangyangyang
wangyanhong
wangyanhua
wangyanhui
wangyanjie
wangyanjun
wangyanli
wangyanling
wangyanmei
wangyanping
wangyanqiu
wangyanxia
wangyanyan
wangyao
wangyaping
wangyaqin
wangyawei
wangye
wangyh
wangyi
wangyifan
wangyiming
wangyin
wangying
wangyingchun
wangyingjie
wangyingying
wangyl
wangym
wangyong
wangyongbo
wangyongchao
wangyongcheng
wangyongchun
wangyongfeng
wangyonggang
wangyonghong
wangyonghua
wangyonghui
wangyongjie
wangyongjun
wangyongli
wangyongliang
wangyongmei
wangyongming
wangyongping
wangyongqiang
wangyongqing
wangyongsheng
wangyongtao
wangyongwei
wangyongxiang
wangyongxin
wangyongzhong
wangyu
wangyuan
wangyuanyuan
wangyucheng
wangyue
wangyufang
wangyufei
wangyufeng
wangyuhong
wangyuhua
wangyujie
wangyujun
wangyulan
wangyulei
wangyulian
wangyulin
wangyuling
wangyulong
wangyumei
wangyuming
wangyun
wangyunfei
wangyunfeng
wangyunlong
wangyunpeng
wangyunxia
wangyuping
wangyuqin
wangyurong
wangyuxia
wangyuying
wangyuzhen
wangyy
wangyz
wangzan
wangze
wangzhan
wangzhanjun
wangzhao
wangzhaohui
wangzhaolei
wangzhaoxia
wangzhaoyang
wangzhe
wangzhen
wangzhendong
wangzheng
wangzhenguo
wangzhenhua
wangzhenjiang
wangzhenxing
wangzhenyu
wangzhenzhen
wangzhi
wangzhichao
wangzhicheng
wangzhidong
wangzhifang
wangzhifeng
wangzhigang
wangzhiguo
wangzhihong
wangzhihua
wangzhihui
wangzhijian
wangzhijie
wangzhijun
wangzhilei
wangzhiliang
wangzhilong
wangzhimin
wangzhiming
wangzhipeng
wangzhiping
wangzhiqiang
wangzhirong
wangzhiwei
wangzhiwen
wangzhixiang
wangzhixin
wangzhiying
wangzhiyong
wangzhiyuan
wangzhizhong
wangzhong
wangzhonghua
wangzhongliang
wangzhuo
wangzi
wangzilong
wangzq
wanhong
wanhui
wanids
wanjun
wanlei
wanli
wanmin
wanming
wannell
wanpeng
wanqiang
wantao
wanwei
wanyong
WAPAdmin
ward
warde
warden
ware
wargnier
waring
warner
warren
warwick
wash
washington
wassim
wat
watch
watcher
waverley
waverly
way
waylan
wayland
waylen
waylin
waylon
wayne
wb
wbin
wbing
wbo
wc
wchao
wcheng
wchunmei
wcm
wd
wdan
wdandan
wdd
wdm
wdong
wdongmei
web
web_user
webadm
webadm1
webadmin
WebAdmin
webalizer
webapp
webapps
webaudit
webb
webcam
webdb
webdev
weber
weblogic
weblogin
webmail
webmanager
webmanager1
webmanager2
webmanager3
webmaster
webmaster1
webmaster2
webmaster3
weboper
webpolicy
website
webster
webuser
webuser1
webuser2
webuser3
wee-lin
wee-seng
wee-thong
wei
weibo
weichao
weichengfei
weidan
weidar
weider
weidong
weifang
weifeng
weigang
weiguo
weihong
weihua
weijia
weijie
weijing
weijun
weikai
weilai
weilei
weileilei
weili
weiliang
weilin
weiling
weimin
weiming
weina
weining
weipeng
weiping
weiqiang
weiran
weitao
weitzel
weiwei
weixia
weixin
weixing
weiyong
weizheng
welbie
welby
welch
weldon
wells
welsh
wen
wen-kai
wenda
wendall
wendel
wendeline
wendell
wendi
wendie
wending
wendy
wendye
wenjie
wenjing
wenlei
wenona
wenonah
wenquan
wentao
wentu
wenxi
weringh
werner
wernher
wes
wesley
west
westbrook
westbrooke
westin
westleigh
westley
weston
weylin
wf
wfang
wfei
wfeng
wfenglan
wfengying
wfl
wfy
wg
wgang
wgf
wgh
wgl
wgr
wguifang
wguihua
wguilan
wguirong
wguixiang
wguiying
wguizhen
wguizhi
wgx
wgy
wgz
wh
whaiyan
whao
wheeler
whit
whitaker
whitby
whitfield
whitman
whitney
whittaker
whm
whong
whongmei
whoopsie
whua
whuan
whui
why
wiam
wiatt
wiebe
wiebren
wiele
wiener
wiesje
wieslaw
wieslawa
wil
wilbert
wilbur
wilburt
wilda
wilden
wildon
wileen
wilek
wiley
wilf
wilford
wilfred
wilfredo
wilfrid
wilhelm
wilhelmina
wilhelmine
wilhelmus
wilie
wilkin
will
willa
willabella
willam
willamina
willard
willdon
willeke
willem
willetta
willette
willey
willi
william
willie
willis
willow
willy
willyt
wilma
wilmar
wilmer
wilmette
wilmont
wilona
wilone
wilow
wilson
wilt
wilton
win
windham
windowing
windows
WINDOWS_PASSTHRU
windy
winfield
winfred
wing
wing-ki
wing-man
wini
winifield
winifred
winn
winna
winnah
winne
winni
winnie
winnifred
winny
winona
winonah
WINSABRE
winslow
winston
winter
winthrop
wit
witold
wits
witte
wittie
witty
wizard
wj
wjf
wjg
wjh
wjian
wjianguo
wjianhua
wjianjun
wjianping
wjie
wjinfeng
wjing
wjj
wjp
wjuan
wjun
wk
wkai
wkun
wl
wladyslaw
wlanying
wlei
wlh
wli
wliang
wlihua
wlijuan
wlili
wlin
wling
wlj
wll
wlong
wlu
wly
wm
wmei
wmin
wming
wn
wna
wning
woei-peng
wojciech
wolf
wolfgang
wolfie
wolfy
wonda
wong
wood
woodie
woodline
woodman
woodrow
woodson
woody
woon
worden
worker01
worker02
worker03
worker1
worker2
worker3
worth
worthington
worthy
wp
WP
wpadmin
wpeng
wping
wpsadmin
wq
wqian
wqiang
wqin
wr
wradmin
wray
wren
wrennie
wright
write
wrong
wrui
ws
wsh
wshuai
wshuhua
wshulan
wshuying
wshuzhen
wsl
wsuser
wsy
wsz
wt
wtao
wting
wtingting
wtt
wu
wuaihua
wubin
wubing
wubo
wuchao
wuchen
wuchunhua
wuchunmei
wuchunyan
wudan
wudandan
wudong
wudongmei
wufan
wufang
wufei
wufeng
wugang
wuguohua
wuguoliang
wuguoping
wuguoqiang
wuguoqing
wuhai
wuhaibo
wuhaifeng
wuhaijun
wuhailong
wuhaitao
wuhaixia
wuhaiyan
wuhao
wuhong
wuhongmei
wuhongwei
wuhongxia
wuhua
wuhuan
wuhui
wujia
wujiajia
wujian
wujianfeng
wujiang
wujianguo
wujianhua
wujianjun
wujianmin
wujianming
wujianping
wujianwei
wujianxin
wujianzhong
wujiao
wujie
wujin
wujing
wujingjing
wujinlong
wujun
wujunjie
wukai
wukang
wukun
wulei
wuleilei
wuli
wuliang
wulihua
wulilei
wulili
wulin
wulina
wuling
wulingling
wuliping
wulixin
wulong
wumei
wumeng
wumin
wuming
wuna
wuning
wupeng
wupengfei
wuping
wuqi
wuqiang
wuqin
wuqing
wuqiong
wuqun
wurong
wurui
wushan
wushanshan
wushaohua
wusheng
wushuai
wushuang
wusi
wusong
wutao
wutong
wuwei
wuweidong
wuweiguo
wuwen
wuwenhua
wuwenjie
wuwenlei
wuxia
wuxiang
wuxiao
wuxiaodong
wuxiaofeng
wuxiaohong
wuxiaohua
wuxiaojun
wuxiaoling
wuxiaolong
wuxiaoming
wuxiaoping
wuxiaoyan
wuxin
wuxinhua
wuxiuying
wuxu
wuxudong
wuxue
wuxuefeng
wuxuemei
wuxy
wuyan
wuyang
wuyi
wuying
wuyong
wuyu
wuyue
wuyuhua
wuyun
wuzhe
wuzhen
wuzhenhua
wuzhenyu
wuzhigang
wuzhihua
wuzhijian
wuzhijun
wuzhiming
wuzhiqiang
wuzhiwei
wuzhiyong
wuzhong
wuzuhan
ww
wwei
www
www-data
wwwadmin
wwwdata
wwwtest
wwwuser
wx
wxf
wxh
wxia
wxin
wxiufang
wxiuhua
wxiulan
wxiumei
wxiurong
wxiuying
wxiuyun
wxiuzhen
wxl
wxm
wxr
wxu
wxue
wxy
wxz
wy
wyan
wyang
wyatan
wyatt
wye
wyh
wying
wyl
wylie
wylma
wylo
wym
wyn
wyndham
wynn
wynne
wynnie
wynny
wynona
wyong
wyu
wyuhua
wyulan
wyumei
wyun
wyuying
wyuzhen
wyy
wyz
wzhiqiang
wzq
xabier
xander
xandra
xandria
xanthe
xantippe
xavi
xavier
xaviera
xena
xenia
xenos
xerxes
xever
xi-nam
xia
xiabing
xiachao
xiafan
xiafang
xiafei
xiafeng
xiahui
xiajie
xiajing
xiajun
xialei
xialiang
xiameng
xiamin
xiaming
xiangdong
xiangjun
xiangyang
xiangyong
xiao-ming
xiaobing
xiaobo
xiaodan
xiaofang
xiaofei
xiaofeng
xiaogang
xiaohong
xiaohua
xiaohui
xiaojian
xiaojie
xiaojing
xiaojun
xiaokai
xiaolei
xiaoli
xiaoliang
xiaolin
xiaoling
xiaolong
xiaolq
xiaomei
xiaomi
xiaomin
xiaoming
xiaona
xiaoning
xiaopeng
xiaoping
xiaoqiang
xiaotao
xiaowei
xiaowen
xiaoxia
xiaoxue
xiaoyan
xiaoyang
xiaoyi
xiaoying
xiaoyong
xiaoyu
xiaoyun
xiapeng
xiaping
xiaqing
xiatao
xiatian
xiawei
xiaxue
xiayan
xiayang
xiaying
xiayong
xiayu
xiayun
xiebin
xiebing
xiebo
xiechao
xiedan
xiefang
xiefei
xiefeng
xiegang
xiehong
xiehua
xiehui
xiejianhua
xiejie
xiejing
xiejun
xiekai
xielei
xieleilei
xieli
xieliang
xielin
xieling
xiemin
xieming
xiena
xiening
xiepeng
xieping
xieqiang
xieqing
xietao
xiewei
xieyan
xieyi
xieying
xieyong
xieyu
xieyun
xiezhiqiang
ximen
ximena
ximenes
ximenez
xin
xingjun
xinglei
xingtao
xingwei
xinhua
xinxin
xiongbo
xiongchao
xiongfei
xiongfeng
xionghui
xiongjie
xiongjing
xiongjun
xionglei
xiongmin
xiongtao
xiongwei
xiongyan
xiongying
xiongyong
xj
xjing
xm
xmin
xochil
xochitl
xpdb
xpopr
xu
xuaihua
xuan
xuan-lien
xubiao
xubin
xubing
xubo
xuchang
xuchao
xuchen
xucheng
xuchi
xuchun
xuchunhua
xucong
xuda
xudan
xudandan
xudong
xudongmei
xuduo
xuebing
xuebo
xuechao
xuedan
xuefei
xuefeng
xuegang
xuehong
xuehua
xuehui
xuejing
xuejun
xuekai
xuelei
xueli
xuelian
xueliang
xuemei
xuemin
xueming
xuepeng
xueping
xueqiang
xuesong
xuetao
xuewei
xueyan
xueyong
xufan
xufang
xufei
xufeng
xugang
xuguang
xuguanghui
xuguohua
xuguoliang
xuguoping
xuguoqiang
xuguoqing
xuhai
xuhaibo
xuhaidong
xuhaifeng
xuhaijun
xuhailong
xuhaitao
xuhaixia
xuhaiyan
xuhang
xuhao
xuhong
xuhongmei
xuhongwei
xuhongxia
xuhu
xuhua
xuhuan
xuhui
xuj
xujia
xujian
xujiang
xujianguo
xujianhua
xujianjun
xujianming
xujianping
xujianwei
xujianxin
xujianzhong
xujie
xujin
xujing
xujingjing
xujun
xujunjie
xukai
xukang
xuke
xukun
xule
xulei
xuleilei
xuli
xuliang
xulihua
xulilei
xulili
xulin
xulina
xuling
xulingling
xuliping
xulixin
xulong
xulu
xum
xuman
xumei
xumeng
xumin
xuming
xuna
xuning
xunuo
xuong
xupeng
xupengfei
xuping
xuqiang
xuqin
xuqing
xuqiong
xuqun
xurong
xurui
xushan
xushanshan
xusheng
xushuai
xushuang
xusong
xutao
xuting
xuw
xuwei
xuweidong
xuweiguo
xuwen
xuwenhua
xuwenjie
xuwenlei
xuwenlong
xuxia
xuxiang
xuxiangdong
xuxiangyang
xuxiao
xuxiaodong
xuxiaofeng
xuxiaohong
xuxiaohua
xuxiaolong
xuxiaoming
xuxiaoping
xuxiaoyan
xuxin
xuxing
xuxinhua
xuxu
xuxudong
xuyan
xuyang
xuyi
xuying
xuyong
xuyuan
xuyue
xuyun
xuzhe
xuzhen
xuzheng
xuzhenhua
xuzhigang
xuzhihua
xuzhiming
xuzhiqiang
xuzhiwei
xuzhiyong
xuzhong
xw
xwei
xylia
xylina
xymenes
yahir
yalcin
yale
yalonda
yamila
yan
yan-zhen
yana
yanaton
yance
yancey
yancy
yanet
yanfei
yanfeng
yang
yangaihua
yangaijun
yangaimin
yangb
yangbiao
yangbin
yangbing
yangbo
yangc
yangcaixia
yangchao
yangchen
yangcheng
yangchuan
yangchun
yangchunhua
yangchunlin
yangchunmei
yangchunxia
yangchunyan
yangdan
yangdandan
yangdawei
yangdong
yangdongmei
yangdongsheng
yangf
yangfan
yangfang
yangfangfang
yangfei
yangfen
yangfeng
yanggang
yangguang
yangguanghui
yangguangming
yangguiying
yangguodong
yangguohua
yangguojun
yangguoping
yangguoqiang
yangguoqing
yanggy
yangh
yanghai
yanghaibo
yanghaifeng
yanghaijun
yanghailong
yanghaitao
yanghaixia
yanghaiyan
yanghaiying
yanghang
yanghao
yangheng
yangheping
yanghong
yanghongjun
yanghongmei
yanghongtao
yanghongwei
yanghongxia
yanghongyan
yanghu
yanghua
yanghuan
yanghui
yangj
yangjia
yangjian
yangjianfeng
yangjianguo
yangjianhua
yangjianhui
yangjianjun
yangjianmin
yangjianming
yangjianping
yangjianqiang
yangjianwei
yangjianxin
yangjianzhong
yangjie
yangjin
yangjing
yangjingjing
yangjinhua
yangjinlong
yangjinsong
yangjuan
yangjun
yangjunfeng
yangjunjie
yangkai
yangkang
yangke
yangkun
yangl
yanglan
yangle
yanglei
yangleilei
yangli
yangliang
yanglihua
yanglijun
yanglilei
yanglili
yanglin
yanglina
yangling
yanglingling
yangliping
yangliu
yangliuqing
yanglixia
yanglixin
yanglong
yanglu
yangm
yangmei
yangmeiling
yangmeng
yangmin
yangming
yangmingming
yangna
yangning
yangp
yangpeng
yangpengfei
yangping
yangqi
yangqiang
yangqin
yangqing
yangqinghua
yangqiong
yangqun
yangrong
yangrui
yangsen
yangshan
yangshanshan
yangshaohua
yangsheng
yangshengli
yangshuai
yangshuang
yangshuo
yangsong
yangt
yangtao
yangw
yangwei
yangweidong
yangweiguo
yangweiwei
yangwen
yangwenhua
yangwenjie
yangwenjing
yangwenjun
yangwenlei
yangwenlong
yangwu
yangx
yangxi
yangxia
yangxiang
yangxiao
yangxiaobo
yangxiaochun
yangxiaodan
yangxiaodong
yangxiaofeng
yangxiaoguang
yangxiaohong
yangxiaohua
yangxiaohui
yangxiaojing
yangxiaojun
yangxiaolei
yangxiaoli
yangxiaoling
yangxiaolong
yangxiaomei
yangxiaomin
yangxiaoming
yangxiaoping
yangxiaowei
yangxiaoxia
yangxiaoyan
yangxiaoyu
yangxin
yangxing
yangxinhua
yangxiong
yangxiuhua
yangxiulan
yangxiuying
yangxiuzhen
yangxl
yangxu
yangxudong
yangxue
yangxuefeng
yangxuejun
yangxuemei
yangxy
yangxz
yangy
yangyan
yangyang
yangyanhong
yangyi
yangying
yangyong
yangyonggang
yangyonghong
yangyongming
yangyongqiang
yangyongsheng
yangyu
yangyue
yangyuhua
yangyulan
yangyumei
yangyun
yangzhe
yangzhen
yangzheng
yangzhenhua
yangzhenyu
yangzhi
yangzhigang
yangzhiguo
yangzhihua
yangzhijun
yangzhiming
yangzhiqiang
yangzhiwei
yangzhiyong
yangzhong
yangzhuo
yangziwen
yanhua
yanina
yanjie
yanjing
yanjun
yank
yankee
yanlei
yanmin
yanming
yanna
yannick
yannis
yanping
yanwei
yanyong
yao
yaobo
yaodan
yaofang
yaofei
yaofeng
yaogang
yaohong
yaohua
yaohui
yaojia
yaojian
yaojianhua
yaojie
yaojing
yaojun
yaokai
yaolan
yaolei
yaoli
yaoliang
yaomin
yaoming
yaona
yaopeng
yaoping
yaoqiang
yaowei
yaoyong
yaoyu
yaoyuan
yaozhigang
yaozhiqiang
yara
yard
yardley
yarlanda
yasar
yaser
yasmeen
yasmin
yasmina
yasmine
yate
yatish
yau-fun
yavar
yavuz
yawar
yazmin
yb
ybin
ybo
yc
ychao
yebo
yechao
yedan
yee-ning
yefang
yefei
yefeng
yehong
yehua
yehuda
yehudi
yehudit
yehui
yeirnie
yejian
yejianhua
yejing
yejun
yekai
yelei
yeleilei
yelena
yeli
yeliang
yelin
yeling
yemao
yemin
yeming
yen
yepeng
yeping
yeqiang
yeqing
yerai
yeray
yesenia
yessica
yestin
yetao
yeting
yetta
yettie
yetty
yeung
yevette
yewei
yexiang
yexin
yeyong
yezi
yf
yfan
yfang
yguiying
ygy
yh
yhong
yhua
yih
yihban
yijiao
yikhon
ying
yinjie
yinjun
yinming
yinyong
yj
yjie
yjing
yjuan
yjun
ykssvcdevus
yl
ylaine
ylei
yli
ylin
yling
yliu
ym
ymei
ymin
yming
ynes
ynez
yodha
yoel
yogesh
yogi
yokan
yoke
yoke-kee
yoko
yolanda
yolande
yolane
yolanthe
yoli
yoly
yong
yonghan
yongli
yonik
yoram
yorgo
yorgos
york
yorke
yorker
yosef
yoselin
yoshi
yoshiaki
yoshiko
yoshimitsu
yosuf
youji
youjia
young
young-june
yousef
youssef
youwen
yovonnda
yp
yping
ysabel
yt
ytao
yu
yu-chung
yu-hung
yu-kai
yuan
yuanbin
yuanbo
yuanchao
yuandan
yuanfang
yuanfei
yuanfeng
yuangang
yuanhang
yuanhao
yuanhong
yuanhua
yuanhui
yuanjian
yuanjianhua
yuanjie
yuanjing
yuanjun
yuankai
yuanlei
yuanli
yuanliang
yuanlin
yuanling
yuanmin
yuanming
yuanpeng
yuanping
yuanqiang
yuanquan
yuanshuai
yuantao
yuanwei
yuanxia
yuanye
yuanyi
yuanyong
yuanyuan
yubin
yubing
yubo
yuchao
yudan
yudandan
yudy
yue
yue-min
yuefeng
yueh
yuelei
yueli
yuen
yuen-pui
yuepeng
yueping
yuewei
yufang
yufei
yufeng
yugang
yuhai
yuhaibo
yuhaifeng
yuhaijun
yuhailong
yuhaitao
yuhaiyan
yuhaiyang
yuhang
yuhao
yuhong
yuhongtao
yuhua
yuhuangyan
yuhui
yuji
yujia
yujian
yujiang
yujianhua
yujie
yujing
yujun
yuk-wha
yukai
yukihiko
yukinaga
yukinobu
yuko
yuksel
yukuo
yul
yula
yule
yulei
yuleilei
yuli
yuliang
yuling
yulissa
yulma
yulong
yuma
yumi
yumin
yuming
yuna
yung
yuning
yupeng
yuping
yuqiang
yuri
yurik
yussuf
yusuf
yutaka
yutao
yuwei
yuxiang
yuxiaodong
yuxin
yuyan
yuyang
yuying
yuyong
yuyue
yvaine
yvan
yves
yvet
yvette
yvon
yvonne
yvor
yw
ywei
yx
yxiulan
yxiuying
yxiuzhen
yxl
yxue
yxy
yxz
yy
yyan
yyang
yyong
zabbix
zabrina
zac
zacarías
zaccaria
zach
zacharia
zachariah
zacharias
zacharie
zachary
zacherie
zachery
zack
zackariah
zackary
zackery
zada
zadie
zafar
zafer
zahara
zaheera
zahid
zahir
zahirul
zahra
zaiden
zaihua
zain
zainab
zaine
zaira
zak
zakia
zalee
zali
zan
zander
zandra
zane
zaneta
zanni
zara
zarah
zared
zarella
zaria
zarla
zarrin
zaven
zaya
zayden
zayla
zaylen
zayn
zayne
zb
zbignew
zbigniew
zbin
zbo
zc
zchao
zchunmei
zcm
zd
zdan
zdenek
zdenka
zdenko
zea
zeb
zebadiah
zebedee
zebra
zebulen
zebulon
zechariah
zed
zedekiah
zehir-charlie
zehra
zein
zeina
zeke
zelda
zelida
zelig
zelina
zeljko
zelma
zena
zendaya
zengbo
zengchao
zengguang
zenghua
zenghui
zengjie
zengjing
zengjun
zenglei
zengli
zengliang
zengmin
zengming
zengpeng
zengping
zengqiang
zengtao
zengwei
zengyan
zengyi
zengyong
zenia
zenon
zeph
zere
zerk
zero
zeth
zeus
zf
zfan
zfang
zfei
zfeng
zfengying
zfy
zgf
zgl
zgr
zguifang
zguilan
zguirong
zguiying
zguizhen
zguizhi
zgy
zgz
zh
zhaiyan
zhang
zhangaiguo
zhangaihua
zhangaijun
zhangailing
zhangaimin
zhangaiping
zhangaiqin
zhangan
zhangb
zhangbao
zhangbaoguo
zhangbaohua
zhangbaojun
zhangbaolin
zhangbeibei
zhangbiao
zhangbin
zhangbinbin
zhangbing
zhangbo
zhangbowen
zhangc
zhangcaixia
zhangcaiyun
zhangcan
zhangce
zhangchao
zhangchen
zhangcheng
zhangchenglin
zhangchenglong
zhangchenguang
zhangchi
zhangchong
zhangchuan
zhangchuang
zhangchun
zhangchunfang
zhangchunguang
zhangchunhong
zhangchunhua
zhangchunhui
zhangchunlan
zhangchunlei
zhangchunlin
zhangchunling
zhangchunmei
zhangchunming
zhangchunsheng
zhangchunxia
zhangchunxiao
zhangchunyan
zhangchunyang
zhangchunying
zhangchunyu
zhangcm
zhangcong
zhangcui
zhangcuicui
zhangcuiping
zhangcuiying
zhangd
zhangda
zhangdan
zhangdandan
zhangdapeng
zhangdawei
zhangdayong
zhangde
zhangdehua
zhangdejun
zhangdeming
zhangdong
zhangdongdong
zhangdonghai
zhangdonghui
zhangdongliang
zhangdongmei
zhangdongming
zhangdongsheng
zhangdongxu
zhangf
zhangfan
zhangfang
zhangfangfang
zhangfei
zhangfeifei
zhangfen
zhangfeng
zhangfengying
zhangfuqiang
zhangfy
zhanggang
zhangge
zhanggf
zhanggl
zhanggr
zhangguang
zhangguanghua
zhangguanghui
zhangguangming
zhangguifang
zhangguihua
zhangguilan
zhangguirong
zhangguiying
zhangguizhen
zhangguizhi
zhangguo
zhangguodong
zhangguofeng
zhangguohua
zhangguohui
zhangguojun
zhangguolei
zhangguoliang
zhangguolin
zhangguomin
zhangguoming
zhangguoping
zhangguoqiang
zhangguoqing
zhangguorong
zhangguosheng
zhangguowei
zhangguoxiang
zhangguoxin
zhangguoxing
zhangguoying
zhangguozhong
zhanggy
zhanggz
zhangh
zhanghai
zhanghaibin
zhanghaibing
zhanghaibo
zhanghaidong
zhanghaifeng
zhanghaihua
zhanghaijun
zhanghailei
zhanghailiang
zhanghailin
zhanghailong
zhanghaiming
zhanghaining
zhanghaipeng
zhanghaiping
zhanghairong
zhanghaisheng
zhanghaitao
zhanghaixia
zhanghaiyan
zhanghaiyang
zhanghaiying
zhanghaiyun
zhanghan
zhanghang
zhanghao
zhanghaoran
zhanghe
zhangheng
zhangheping
zhanghm
zhanghong
zhanghongbing
zhanghongbo
zhanghongjun
zhanghonglei
zhanghongliang
zhanghongmei
zhanghongtao
zhanghongwei
zhanghongxia
zhanghongxing
zhanghongyan
zhanghongying
zhanghongyu
zhanghu
zhanghua
zhanghuan
zhanghuanhuan
zhanghuawei
zhanghui
zhanghuifang
zhanghuihui
zhanghuilei
zhanghuiling
zhanghuimin
zhanghy
zhangj
zhangjg
zhangjh
zhangji
zhangjia
zhangjiajia
zhangjian
zhangjianbing
zhangjianbo
zhangjiancheng
zhangjianchun
zhangjiandong
zhangjianfang
zhangjianfei
zhangjianfeng
zhangjiang
zhangjiangang
zhangjiangtao
zhangjianguo
zhangjianhong
zhangjianhua
zhangjianhui
zhangjianjun
zhangjianlei
zhangjianliang
zhangjianlin
zhangjianlong
zhangjianmin
zhangjianming
zhangjianping
zhangjianqiang
zhangjianrong
zhangjianshe
zhangjiansheng
zhangjianwei
zhangjianwen
zhangjianxin
zhangjianxun
zhangjianying
zhangjianyong
zhangjianzhong
zhangjiao
zhangjidong
zhangjie
zhangjihong
zhangjijun
zhangjin
zhangjinfeng
zhangjing
zhangjingbo
zhangjingjing
zhangjinhai
zhangjinhua
zhangjinliang
zhangjinling
zhangjinlong
zhangjinmei
zhangjinming
zhangjinping
zhangjinrong
zhangjinsong
zhangjiwei
zhangjj
zhangju
zhangjuan
zhangjun
zhangjunfeng
zhangjunhua
zhangjunjie
zhangjunwei
zhangjunying
zhangk
zhangkai
zhangkang
zhangke
zhangkun
zhangl
zhanglan
zhanglanlan
zhanglanying
zhangle
zhanglei
zhangleijun
zhangleilei
zhangleiyu
zhangleiyue
zhanglele
zhanglh
zhangli
zhangliang
zhangliangliang
zhanglibo
zhanglifang
zhanglifeng
zhangliguo
zhanglihong
zhanglihua
zhanglijie
zhanglijuan
zhanglijun
zhanglilei
zhanglili
zhanglimei
zhanglimin
zhangliming
zhanglin
zhanglina
zhangling
zhanglingling
zhanglingyun
zhanglinlin
zhangliping
zhangliqiang
zhangliqin
zhangliqun
zhangliu
zhangliwei
zhanglixia
zhanglixin
zhangliying
zhanglizhi
zhanglj
zhangll
zhanglong
zhanglongfei
zhanglu
zhanglulu
zhangly
zhangm
zhangman
zhangmei
zhangmeihua
zhangmeilei
zhangmeiling
zhangmeiying
zhangmeng
zhangmengmeng
zhangmiao
zhangmiaomiao
zhangmin
zhangming
zhangminghua
zhangminghui
zhangmingjie
zhangmingjun
zhangmingliang
zhangmingming
zhangmingwei
zhangmingxia
zhangmingxing
zhangmingyue
zhangmingzhu
zhangminmin
zhangn
zhangna
zhangnan
zhangnana
zhangning
zhangningning
zhangp
zhangpan
zhangpanpan
zhangpei
zhangpeipei
zhangpeng
zhangpengcheng
zhangpengfei
zhangpenghua
zhangpenglei
zhangpengli
zhangpengna
zhangpengping
zhangping
zhangpingping
zhangq
zhangqi
zhangqian
zhangqiang
zhangqiaoling
zhangqin
zhangqing
zhangqinghua
zhangqingqing
zhangqingsong
zhangqingwei
zhangqiong
zhangqiuxia
zhangquan
zhangqun
zhangr
zhangran
zhangrong
zhangronghua
zhangrongrong
zhangrui
zhangruifang
zhangruihua
zhangs
zhangsai
zhangsan
zhangsen
zhangshan
zhangshanshan
zhangshaohua
zhangsheng
zhangshengli
zhangshijie
zhangshu
zhangshuai
zhangshuang
zhangshufang
zhangshuguang
zhangshuhua
zhangshuji
zhangshulan
zhangshulei
zhangshulin
zhangshumin
zhangshun
zhangshuo
zhangshuping
zhangshuqin
zhangshuying
zhangshuzhen
zhangsi
zhangsisi
zhangsl
zhangsong
zhangsonglin
zhangsongtao
zhangsu
zhangsuzhen
zhangsy
zhangsz
zhangt
zhangtao
zhangteng
zhangtengfei
zhangtian
zhangtiantian
zhangtianyu
zhangtie
zhangtiejun
zhangting
zhangtingting
zhangtong
zhangtt
zhangw
zhangwang
zhangwei
zhangweidong
zhangweifeng
zhangweiguo
zhangweihong
zhangweihua
zhangweijie
zhangweijun
zhangweimin
zhangweiming
zhangweiping
zhangweiqiang
zhangweiwei
zhangweixing
zhangwen
zhangwenbin
zhangwenbo
zhangwenchao
zhangwenfeng
zhangwenhai
zhangwenhua
zhangwenhui
zhangwenjie
zhangwenjing
zhangwenjun
zhangwenlei
zhangwenli
zhangwenlong
zhangwenming
zhangwenping
zhangwenqiang
zhangwensheng
zhangwentao
zhangwenwen
zhangwenxue
zhangwenying
zhangwenzhong
zhangwu
zhangx
zhangxf
zhangxh
zhangxi
zhangxia
zhangxian
zhangxiang
zhangxiangdong
zhangxiangyang
zhangxiangyu
zhangxiansheng
zhangxiao
zhangxiaobing
zhangxiaobo
zhangxiaochen
zhangxiaochun
zhangxiaodan
zhangxiaodong
zhangxiaofang
zhangxiaofei
zhangxiaofeng
zhangxiaogang
zhangxiaoguang
zhangxiaohong
zhangxiaohu
zhangxiaohua
zhangxiaohui
zhangxiaojie
zhangxiaojing
zhangxiaojun
zhangxiaolan
zhangxiaolei
zhangxiaoli
zhangxiaoliang
zhangxiaolin
zhangxiaoling
zhangxiaolong
zhangxiaomei
zhangxiaomin
zhangxiaoming
zhangxiaona
zhangxiaoning
zhangxiaopeng
zhangxiaoping
zhangxiaoqiang
zhangxiaoqin
zhangxiaoqing
zhangxiaowei
zhangxiaoxia
zhangxiaoxiao
zhangxiaoxu
zhangxiaoxue
zhangxiaoyan
zhangxiaoyang
zhangxiaoying
zhangxiaoyong
zhangxiaoyu
zhangxiaoyun
zhangxin
zhangxing
zhangxinghua
zhangxingxing
zhangxinhua
zhangxinjian
zhangxinjun
zhangxinmin
zhangxinming
zhangxinping
zhangxinwei
zhangxinxin
zhangxinyu
zhangxiong
zhangxiu
zhangxiufang
zhangxiuhong
zhangxiuhua
zhangxiulan
zhangxiulei
zhangxiuli
zhangxiuling
zhangxiumei
zhangxiuping
zhangxiuqin
zhangxiurong
zhangxiuying
zhangxiuyun
zhangxiuzhen
zhangxl
zhangxm
zhangxr
zhangxu
zhangxuan
zhangxudong
zhangxue
zhangxuedong
zhangxuefeng
zhangxuejun
zhangxuelian
zhangxueliang
zhangxuemei
zhangxueming
zhangxueqin
zhangxuesong
zhangxuewen
zhangxuguang
zhangxun
zhangxy
zhangxz
zhangy
zhangya
zhangyadong
zhangyafei
zhangyahui
zhangyajun
zhangyalei
zhangyali
zhangyan
zhangyanan
zhangyanfang
zhangyang
zhangyangyang
zhangyanhong
zhangyanhua
zhangyanhui
zhangyanjun
zhangyanli
zhangyanling
zhangyanmei
zhangyanping
zhangyanqiu
zhangyanxia
zhangyanyan
zhangyao
zhangyaping
zhangye
zhangyh
zhangyi
zhangyiming
zhangyin
zhangying
zhangyingchun
zhangyingjie
zhangyingying
zhangyiwen
zhangyl
zhangym
zhangyong
zhangyongbo
zhangyongchao
zhangyongchun
zhangyongfeng
zhangyonggang
zhangyonghong
zhangyonghua
zhangyonghui
zhangyongjie
zhangyongjun
zhangyongli
zhangyongliang
zhangyongmei
zhangyongming
zhangyongping
zhangyongqiang
zhangyongsheng
zhangyongtao
zhangyongxiang
zhangyongzhong
zhangyu
zhangyuan
zhangyuanyuan
zhangyue
zhangyuehua
zhangyufang
zhangyufeng
zhangyuhong
zhangyuhua
zhangyujie
zhangyujun
zhangyulan
zhangyulei
zhangyuliang
zhangyulin
zhangyuling
zhangyulong
zhangyumei
zhangyuming
zhangyun
zhangyunfei
zhangyunfeng
zhangyunlong
zhangyunpeng
zhangyunxia
zhangyuping
zhangyuqin
zhangyuqing
zhangyurong
zhangyuxia
zhangyuying
zhangyuzhen
zhangyy
zhangyz
zhangzan
zhangze
zhangzhan
zhangzhang
zhangzhao
zhangzhaohui
zhangzhaolei
zhangzhaoyang
zhangzhe
zhangzhen
zhangzhendong
zhangzheng
zhangzhenguo
zhangzhenhua
zhangzhenxing
zhangzhenyu
zhangzhenzhen
zhangzhi
zhangzhichao
zhangzhicheng
zhangzhifang
zhangzhifeng
zhangzhigang
zhangzhiguo
zhangzhihong
zhangzhihua
zhangzhihui
zhangzhijian
zhangzhijie
zhangzhijun
zhangzhilei
zhangzhiliang
zhangzhilong
zhangzhimin
zhangzhiming
zhangzhipeng
zhangzhiping
zhangzhiqiang
zhangzhirong
zhangzhiwei
zhangzhiwen
zhangzhixiang
zhangzhixin
zhangzhixiong
zhangzhiying
zhangzhiyong
zhangzhiyuan
zhangzhizhong
zhangzhong
zhangzhonghua
zhangzhuo
zhangzilong
zhangziqiang
zhangzq
zhanjiao
zhanna
zhao
zhaobin
zhaobing
zhaobo
zhaochao
zhaochen
zhaocheng
zhaochun
zhaochunhua
zhaochunmei
zhaochunyan
zhaocong
zhaodan
zhaodandan
zhaodawei
zhaodong
zhaodongmei
zhaodongsheng
zhaofan
zhaofang
zhaofangfang
zhaofei
zhaofeng
zhaogang
zhaoguang
zhaoguanghui
zhaoguodong
zhaoguohua
zhaoguoping
zhaoguoqiang
zhaoguoqing
zhaohai
zhaohaibo
zhaohaifeng
zhaohaijun
zhaohailong
zhaohaitao
zhaohaixia
zhaohaiyan
zhaohaiyang
zhaohang
zhaohao
zhaoheng
zhaohong
zhaohongjun
zhaohongmei
zhaohongtao
zhaohongwei
zhaohongxia
zhaohongyan
zhaohu
zhaohua
zhaohuan
zhaohui
zhaoj
zhaojia
zhaojian
zhaojiang
zhaojianguo
zhaojianhua
zhaojianjun
zhaojianmin
zhaojianming
zhaojianping
zhaojianwei
zhaojianxin
zhaojianzhong
zhaojie
zhaojin
zhaojing
zhaojingjing
zhaojinlong
zhaojun
zhaojunjie
zhaokai
zhaokang
zhaokun
zhaol
zhaole
zhaolei
zhaoleilei
zhaoli
zhaoliang
zhaolihua
zhaolijun
zhaolilei
zhaolili
zhaolin
zhaolina
zhaoling
zhaolingling
zhaolinlin
zhaoliping
zhaolixin
zhaolong
zhaom
zhaomei
zhaomeng
zhaomin
zhaoming
zhaomingming
zhaona
zhaoning
zhaopeng
zhaopengcheng
zhaopengfei
zhaoping
zhaoqi
zhaoqiang
zhaoqin
zhaoqing
zhaoqiong
zhaoqun
zhaoran
zhaorong
zhaorui
zhaosen
zhaoshan
zhaoshanshan
zhaosheng
zhaoshengli
zhaoshuai
zhaoshuang
zhaosong
zhaotao
zhaotong
zhaow
zhaowei
zhaoweidong
zhaowen
zhaowenhua
zhaowenjie
zhaowenjing
zhaowenlei
zhaowenlong
zhaowu
zhaoxia
zhaoxiang
zhaoxiao
zhaoxiaodong
zhaoxiaofeng
zhaoxiaohong
zhaoxiaohui
zhaoxiaolong
zhaoxiaoming
zhaoxiaoping
zhaoxiaoyan
zhaoxin
zhaoxing
zhaoxinhua
zhaoxinyu
zhaoxiuying
zhaoxu
zhaoxudong
zhaoxue
zhaoxuefeng
zhaoxuemei
zhaoxy
zhaoy
zhaoyalei
zhaoyan
zhaoyang
zhaoyanhong
zhaoyao
zhaoyi
zhaoying
zhaoyingying
zhaoyong
zhaoyonggang
zhaoyonghong
zhaoyongjun
zhaoyongqiang
zhaoyongsheng
zhaoyu
zhaoyue
zhaoyuhua
zhaoyulong
zhaoyumei
zhaoyun
zhaoyunfei
zhaoyunfeng
zhaoyunlong
zhaozhe
zhaozhen
zhaozhenhua
zhaozhenyu
zhaozhigang
zhaozhiguo
zhaozhihua
zhaozhijun
zhaozhiming
zhaozhiqiang
zhaozhiwei
zhaozhiyong
zhaozhong
zhaozilong
zhengbin
zhengbing
zhengbo
zhengchao
zhengchen
zhengdan
zhengdong
zhengfang
zhengfei
zhengfeng
zhenggang
zhenghaiyan
zhenghao
zhenghong
zhenghua
zhenghui
zhengjia
zhengjian
zhengjiang
zhengjianguo
zhengjianhua
zhengjianjun
zhengjianping
zhengjie
zhengjing
zhengjun
zhengkai
zhenglei
zhengleilei
zhengli
zhengliang
zhenglili
zhenglin
zhengling
zhenglingling
zhenglong
zhengmin
zhengming
zhengna
zhengning
zhengpeng
zhengping
zhengqiang
zhengshuai
zhengshuang
zhengtao
zhengwei
zhengwen
zhengxia
zhengxiang
zhengxiaodong
zhengxin
zhengxu
zhengxue
zhengyan
zhengyang
zhengyi
zhengying
zhengyong
zhengyu
zhengyun
zhengzhigang
zhengzhiqiang
zhengzhong
zhihan
zhm
zhong
zhongbo
zhongcheng
zhonghua
zhonghui
zhongjie
zhonglei
zhongmei
zhongmin
zhongming
zhongsheng
zhongtao
zhongwei
zhongyi
zhongyong
zhou
zhouaihua
zhoubiao
zhoubin
zhoubing
zhoubo
zhouchao
zhouchen
zhoucheng
zhouchun
zhouchunhua
zhouchunmei
zhoucong
zhoudan
zhoudandan
zhoudong
zhoudongmei
zhoufan
zhoufang
zhoufei
zhoufeng
zhougang
zhouguohua
zhouguoping
zhouguoqiang
zhouguoqing
zhouhai
zhouhaibo
zhouhaifeng
zhouhaijun
zhouhaitao
zhouhaixia
zhouhaiyan
zhouhang
zhouhao
zhouheng
zhouhong
zhouhongmei
zhouhongwei
zhouhongxia
zhouhu
zhouhua
zhouhuan
zhouhui
zhouj
zhouji
zhoujia
zhoujian
zhoujiang
zhoujianguo
zhoujianhua
zhoujianjun
zhoujianmin
zhoujianming
zhoujianping
zhoujianwei
zhoujianxin
zhoujianzhong
zhoujie
zhoujin
zhoujing
zhoujingjing
zhoujun
zhoujunjie
zhoukai
zhoukang
zhouke
zhoukun
zhoul
zhoulan
zhoule
zhoulei
zhouleilei
zhouli
zhouliang
zhoulihua
zhoulijun
zhoulilei
zhoulili
zhoulin
zhoulina
zhouling
zhoulingling
zhouliping
zhoulixin
zhoulong
zhoum
zhoumei
zhoumeng
zhoumi
zhoumin
zhouming
zhouna
zhouning
zhoupeng
zhoupengfei
zhouping
zhouqi
zhouqiang
zhouqin
zhouqing
zhouqiong
zhouquan
zhouqun
zhourong
zhourui
zhoushanshan
zhousheng
zhoushuai
zhoushuang
zhousong
zhoutao
zhoutong
zhouw
zhouwei
zhouweidong
zhouwen
zhouwenhua
zhouwenjie
zhouwenlei
zhouwu
zhouxia
zhouxiang
zhouxiao
zhouxiaodong
zhouxiaofeng
zhouxiaohong
zhouxiaohua
zhouxiaojun
zhouxiaolong
zhouxiaoming
zhouxiaoping
zhouxiaoyan
zhouxin
zhouxing
zhouxinhua
zhouxiong
zhouxu
zhouxuan
zhouxudong
zhouxue
zhouxuefeng
zhouxuemei
zhouy
zhouya
zhouyajun
zhouyan
zhouyang
zhouyi
zhouying
zhouyong
zhouyou
zhouyu
zhouyuan
zhouyue
zhouyuhua
zhouyun
zhouzhen
zhouzheng
zhouzhenhua
zhouzhi
zhouzhigang
zhouzhihua
zhouzhijun
zhouzhiming
zhouzhiqiang
zhouzhiwei
zhouzhiyong
zhouzhou
zhua
zhuaihua
zhuangwei
zhuangyan
zhubin
zhubing
zhubo
zhuchao
zhuchen
zhuchunhua
zhuchunyan
zhudan
zhudandan
zhudongmei
zhufang
zhufei
zhufeng
zhugang
zhuguang
zhuguohua
zhuguoping
zhuguoqiang
zhuguoqing
zhuhai
zhuhaibo
zhuhaifeng
zhuhaijun
zhuhaitao
zhuhaiyan
zhuhao
zhuhong
zhuhongmei
zhuhongwei
zhuhongxia
zhuhua
zhuhui
zhui
zhujia
zhujian
zhujiang
zhujianguo
zhujianhua
zhujianjun
zhujianming
zhujianping
zhujianwei
zhujianxin
zhujianzhong
zhujie
zhujin
zhujing
zhujingjing
zhujun
zhujunjie
zhukai
zhukun
zhulei
zhuleilei
zhuli
zhuliang
zhulihua
zhulilei
zhulili
zhulin
zhulina
zhuling
zhulingling
zhulinlin
zhuliping
zhulixin
zhulong
zhumei
zhumin
zhuming
zhuminghua
zhumingming
zhuna
zhuning
zhupeng
zhupengfei
zhuping
zhuqiang
zhuqin
zhuqing
zhurong
zhurui
zhushanshan
zhushuai
zhutao
zhutong
zhuwei
zhuweidong
zhuwen
zhuwenjie
zhuwenlei
zhuxia
zhuxiang
zhuxiao
zhuxiaodong
zhuxiaofeng
zhuxiaohong
zhuxiaohua
zhuxiaojun
zhuxiaoming
zhuxiaoping
zhuxiaoyan
zhuxinhua
zhuxu
zhuxudong
zhuxuefeng
zhuyan
zhuyi
zhuying
zhuyong
zhuyu
zhuyun
zhuzheng
zhuzhenhua
zhuzhigang
zhuzhiqiang
zhuzhiwei
zhuzhiyong
zhuzhu
zhy
zia
ziad
zig
ziggy
zilvia
zimbra
zina
zino
zion
zita
zitella
ziva
zj
zjg
zjh
zjian
zjianguo
zjianhua
zjianjun
zjie
zjing
zjj
zjuan
zjun
zk
zkai
zkun
zl
zlanying
zlei
zlh
zli
zliang
zlihua
zlijuan
zlili
zlin
zling
zlj
zll
zlong
zly
zm
zmei
zmin
zming
zn
zna
znan
zning
zoe
zoel
zoenka
zoey
zofia
zohar
zoilo
zola
zollie
zolly
zoltan
zonda
zondra
zongyi
zonnya
zora
zorah
zoran
zorana
zorina
zorine
zouheir
zoya
zp
zpeng
zping
zq
zqian
zqiang
zqin
zr
zrong
zrui
zs
zsa zsa
zsazsa
zshuai
zshulan
zshuying
zshuzhen
zsl
zsy
zsz
zszb
zt
ztao
zting
ztingting
ztt
zuben
zula
zulema
zuleyma
zulfikar
zuri
zuriel
zuzana
zw
zwei
zwen
zx
zxf
zxh
zxia
zxin
zxiufang
zxiuhua
zxiulan
zxiumei
zxiurong
zxiuying
zxiuyun
zxiuzhen
zxl
zxm
zxr
zxu
zxue
zxy
zxz
zy
zyan
zyana
zyg
zygmunt
zyh
zying
zyl
zylen
zym
zyong
zyu
zyuhua
zyulan
zyumei
zyun
zyuying
zyuzhen
zyy
zyz
zz_admin
zzhiqiang
zzq
wang.guiying
guiying.wang
gy.wang
zhang.xiulan
xiulan.zhang
xl.zhang
li.hong
hong.li
h.li
li.chao
chao.li
c.li
liu.li
li.liu
l.liu
zhang.guiying
guiying.zhang
gy.zhang
wang.yulan
yulan.wang
yl.wang
zhang.peng
peng.zhang
p.zhang
li.xiulan
xiulan.li
xl.li
zhang.chao
chao.zhang
c.zhang
wang.ling
ling.wang
zhang.ling
ling.zhang
li.hua
hua.li
wang.fei
fei.wang
zhang.yulan
yulan.zhang
yl.zhang
wang.guilan
guilan.wang
gl.wang
wang.ying
ying.wang
liu.qiang
qiang.liu
q.liu
chen.xiuying
xiuying.chen
xy.chen
li.ying
ying.li
li.hui
hui.li
li.mei
mei.li
chen.yong
yong.chen
y.chen
wang.xin
xin.wang
x.wang
li.fang
fang.li
f.li
zhang.guilan
guilan.zhang
gl.zhang
li.bo
bo.li
b.li
yang.yong
yong.yang
y.yang
wang.xia
xia.wang
li.guilan
guilan.li
gl.li
wang.bin
bin.wang
b.wang
li.peng
peng.li
zhang.ping
ping.zhang
zhang.hui
hui.zhang
zhang.yu
yu.zhang
liu.juan
juan.liu
li.bin
bin.li
wang.hao
hao.wang
chen.jie
jie.chen
wang.kai
kai.wang
k.wang
chen.li
li.chen
l.chen
chen.min
min.chen
m.chen
wang.xiuzhen
xiuzhen.wang
xz.wang
li.yulan
yulan.li
yl.li
liu.xiuying
xiuying.liu
xy.liu
zhang.bo
bo.zhang
b.zhang
liu.guiying
guiying.liu
gy.liu
yang.xiuying
xiuying.yang
xy.yang
zhang.ying
ying.zhang
yang.li
li.yang
l.yang
zhang.jian
jian.zhang
wang.bo
bo.wang
zhang.hong
hong.zhang
liu.dan
dan.liu
d.liu
li.xin
xin.li
yang.jing
jing.yang
j.yang
liu.chao
chao.liu
c.liu
zhang.juan
juan.zhang
yang.fan
fan.yang
f.yang
liu.ying
ying.liu
li.xue
xue.li
li.xiuzhen
xiuzhen.li
xz.li
zhang.xin
xin.zhang
x.zhang
wang.jian
jian.wang
liu.yulan
yulan.liu
yl.liu
liu.hui
hui.liu
h.liu
liu.bo
bo.liu
b.liu
zhang.hao
hao.zhang
zhang.ming
ming.zhang
chen.yan
yan.chen
zhang.xia
xia.zhang
yang.jie
jie.yang
wang.shuai
shuai.wang
s.wang
wang.xue
xue.wang
yang.jun
jun.yang
zhang.xu
xu.zhang
liu.gang
gang.liu
g.liu
wang.hua
hua.wang
yang.min
min.yang
m.yang
wang.ning
ning.wang
n.wang
li.ning
ning.li
liu.guilan
guilan.liu
gl.liu
liu.bin
bin.liu
wang.ting
ting.wang
chen.tao
tao.chen
t.chen
wang.yumei
yumei.wang
ym.wang
wang.na
na.wang
zhang.bin
bin.zhang
chen.long
long.chen
li.lin
lin.li
wang.yuzhen
yuzhen.wang
yz.wang
zhang.fengying
fengying.zhang
fy.zhang
wang.hong
hong.wang
li.fengying
fengying.li
fy.li
yang.yang
li.ting
ting.li
wang.lin
lin.wang
chen.ying
ying.chen
chen.jun
jun.chen
liu.xia
xia.liu
x.liu
chen.hao
hao.chen
h.chen
zhang.kai
kai.zhang
k.zhang
chen.fang
fang.chen
f.chen
zhang.ting
ting.zhang
yang.tao
tao.yang
t.yang
yang.bo
bo.yang
b.yang
chen.hong
hong.chen
liu.huan
huan.liu
wang.yuying
yuying.wang
yy.wang
chen.juan
juan.chen
chen.gang
gang.chen
g.chen
zhang.lin
lin.zhang
zhang.na
na.zhang
n.zhang
zhang.yumei
yumei.zhang
ym.zhang
wang.fengying
fengying.wang
fy.wang
zhang.yuying
yuying.zhang
yy.zhang
li.hongmei
hongmei.li
hm.li
liu.jia
jia.liu
liu.lei
lei.liu
zhang.qian
qian.zhang
liu.peng
peng.liu
p.liu
wang.xu
xu.wang
zhang.xue
xue.zhang
zhang.xiuzhen
xiuzhen.zhang
xz.zhang
wang.mei
mei.wang
wang.jianhua
jianhua.wang
jh.wang
li.yumei
yumei.li
ym.li
liu.ping
ping.liu
yang.mei
mei.yang
li.fei
fei.li
wang.liang
liang.wang
li.lei
lei.li
li.jianhua
jianhua.li
jh.li
wang.yu
yu.wang
chen.ling
ling.chen
zhang.jianhua
jianhua.zhang
jh.zhang
liu.xin
xin.liu
wang.qian
qian.wang
zhang.shuai
shuai.zhang
s.zhang
li.jian
jian.li
chen.lin
lin.chen
chen.qiang
qiang.chen
q.chen
zhao.jing
jing.zhao
j.zhao
wang.cheng
cheng.wang
zhang.yuzhen
yuzhen.zhang
yz.zhang
chen.chao
chao.chen
c.chen
chen.liang
liang.chen
liu.na
na.liu
n.liu
wang.qin
qin.wang
zhang.lanying
lanying.zhang
ly.zhang
liu.chang
chang.liu
li.qian
qian.li
yang.yan
yan.yang
zhang.liang
liang.zhang
li.yun
yun.li
zhang.qin
qin.zhang
wang.lanying
lanying.wang
ly.wang
li.yuzhen
yuzhen.li
yz.li
chen.guiying
guiying.chen
gy.chen
yang.chao
chao.yang
c.yang
zhang.mei
mei.zhang
chen.ping
ping.chen
p.chen
liu.hong
hong.liu
zhao.wei
wei.zhao
w.zhao
zhang.yun
yun.zhang
zhang.ning
ning.zhang
yang.lin
lin.yang
gao.feng
feng.gao
f.gao
wang.jianguo
jianguo.wang
jg.wang
chen.hua
hua.chen
yang.hua
hua.yang
h.yang
wang.jianjun
jianjun.wang
jj.wang
wang.shuzhen
shuzhen.wang
sz.wang
yang.fang
fang.yang
li.chunmei
chunmei.li
cm.li
wang.haiyan
haiyan.wang
hy.wang
liu.ling
ling.liu
chen.chen
wang.huan
huan.wang
li.dongmei
dongmei.li
dm.li
zhang.long
long.zhang
chen.bo
bo.chen
b.chen
chen.lei
lei.chen
wang.yun
yun.wang
wang.feng
feng.wang
wang.xiurong
xiurong.wang
xr.wang
wang.rui
rui.wang
r.wang
li.qin
qin.li
li.guizhen
guizhen.li
gz.li
chen.peng
peng.chen
liu.fei
fei.liu
wang.xiuyun
xiuyun.wang
xy.wang
chen.ming
ming.chen
wang.guirong
guirong.wang
gr.wang
li.hao
hao.li
wang.zhiqiang
zhiqiang.wang
zq.wang
zhang.dan
dan.zhang
d.zhang
li.feng
feng.li
zhang.hongmei
hongmei.zhang
hm.zhang
liu.fengying
fengying.liu
fy.liu
li.yuying
yuying.li
yy.li
wang.xiumei
xiumei.wang
xm.wang
li.jia
jia.li
wang.lijuan
lijuan.wang
lj.wang
chen.hui
hui.chen
zhang.tingting
tingting.zhang
tt.zhang
zhang.fang
fang.zhang
f.zhang
wang.tingting
tingting.wang
tt.wang
wang.yuhua
yuhua.wang
yh.wang
zhang.jianguo
jianguo.zhang
jg.zhang
li.lanying
lanying.li
ly.li
wang.guizhen
guizhen.wang
gz.wang
li.xiumei
xiumei.li
xm.li
chen.yulan
yulan.chen
yl.chen
chen.xia
xia.chen
x.chen
liu.kai
kai.liu
k.liu
zhang.yuhua
yuhua.zhang
yh.zhang
liu.yumei
yumei.liu
ym.liu
liu.hua
hua.liu
li.bing
bing.li
wang.dong
dong.wang
li.jianjun
jianjun.li
jj.li
liu.yuzhen
yuzhen.liu
yz.liu
li.jianguo
jianguo.li
jg.li
yang.wei
wei.yang
w.yang
li.guirong
guirong.li
gr.li
wang.long
long.wang
liu.ting
ting.liu
chen.xiulan
xiulan.chen
xl.chen
zhang.jianjun
jianjun.zhang
jj.zhang
li.xiurong
xiurong.li
xr.li
liu.ming
ming.liu
zhou.min
min.zhou
m.zhou
zhang.xiumei
xiumei.zhang
xm.zhang
li.xuemei
xuemei.li
huang.wei
wei.huang
w.huang
zhang.haiyan
haiyan.zhang
hy.zhang
wang.shulan
shulan.wang
sl.wang
li.zhiqiang
zhiqiang.li
zq.li
yang.lei
lei.yang
li.tingting
tingting.li
tt.li
zhang.xiurong
xiurong.zhang
xr.zhang
liu.jianhua
jianhua.liu
jh.liu
wang.lili
lili.wang
ll.wang
zhao.min
min.zhao
m.zhao
chen.yun
yun.chen
li.haiyan
haiyan.li
hy.li
zhang.guirong
guirong.zhang
gr.zhang
li.kai
kai.li
k.li
zhang.feng
feng.zhang
liu.xiulan
xiulan.liu
xl.liu
zhang.zhiqiang
zhiqiang.zhang
zq.zhang
li.long
long.li
li.xiuyun
xiuyun.li
xy.li
li.xiufang
xiufang.li
xf.li
li.shuai
shuai.li
s.li
liu.yun
yun.liu
zhang.lili
lili.zhang
ll.zhang
zhang.xiuyun
xiuyun.zhang
xy.zhang
wang.shuying
shuying.wang
sy.wang
wang.chunmei
chunmei.wang
cm.wang
wang.hongmei
hongmei.wang
hm.wang
chen.bin
bin.chen
li.yuhua
yuhua.li
yh.li
li.guifang
guifang.li
gf.li
chen.fei
fei.chen
liu.hao
hao.liu
huang.xiuying
xiuying.huang
xy.huang
liu.yuying
yuying.liu
yy.liu
li.shuzhen
shuzhen.li
sz.li
huang.yong
yong.huang
y.huang
zhou.wei
wei.zhou
w.zhou
wang.xiufang
xiufang.wang
xf.wang
wang.lihua
lihua.wang
lh.wang
wang.dandan
dandan.wang
dd.wang
wang.guixiang
guixiang.wang
gx.wang
wang.kun
kun.wang
li.xiang
xiang.li
zhang.rui
rui.zhang
r.zhang
zhang.guizhen
guizhen.zhang
gz.zhang
wang.shuhua
shuhua.wang
sh.wang
liu.shuai
shuai.liu
s.liu
zhang.fei
fei.zhang
zhang.xiufang
xiufang.zhang
xf.zhang
wang.yang
yang.wang
zhang.guifang
guifang.zhang
gf.zhang
zhang.lijuan
lijuan.zhang
lj.zhang
wang.rong
rong.wang
wu.xiuying
xiuying.wu
xy.wu
yang.ming
ming.yang
li.guixiang
guixiang.li
gx.li
ma.li
li.ma
l.ma
liu.qian
qian.liu
yang.xiulan
xiulan.yang
xl.yang
yang.ling
ling.yang
wang.xiuhua
xiuhua.wang
xh.wang
yang.ping
ping.yang
p.yang
li.liang
liang.li
li.rong
rong.li
r.li
li.guizhi
guizhi.li
wang.bing
bing.wang
wang.guifang
guifang.wang
gf.wang
wang.ming
ming.wang
chen.mei
mei.chen
zhang.chunmei
chunmei.zhang
cm.zhang
wang.dongmei
dongmei.wang
dm.wang
liu.feng
feng.liu
li.xiuhua
xiuhua.li
xh.li
li.dandan
dandan.li
dd.li
yang.xue
xue.yang
x.yang
liu.yuhua
yuhua.liu
yh.liu
ma.xiuying
xiuying.ma
xy.ma
zhang.lihua
lihua.zhang
lh.zhang
zhang.shuzhen
shuzhen.zhang
sz.zhang
li.xiaohong
xiaohong.li
wang.guizhi
guizhi.wang
zhao.li
li.zhao
l.zhao
zhang.xiuhua
xiuhua.zhang
xh.zhang
huang.min
min.huang
m.huang
yang.juan
juan.yang
wang.jinfeng
jinfeng.wang
jf.wang
zhou.jie
jie.zhou
j.zhou
chen.jianhua
jianhua.chen
jh.chen
liu.mei
mei.liu
yang.guiying
guiying.yang
gy.yang
li.shuying
shuying.li
sy.li
chen.yuying
yuying.chen
yy.chen
yang.xiuzhen
xiuzhen.yang
xz.yang
sun.xiuying
xiuying.sun
xy.sun
zhao.jun
jun.zhao
zhao.yong
yong.zhao
y.zhao
liu.bing
bing.liu
yang.bin
bin.yang
li.wen
wen.li
sun.wei
wei.sun
w.sun
zhang.nan
nan.zhang
liu.guizhen
guizhen.liu
gz.liu
liu.yu
yu.liu
liu.jianjun
jianjun.liu
jj.liu
zhang.shuying
shuying.zhang
sy.zhang
li.hongxia
hongxia.li
hx.li
zhao.xiuying
xiuying.zhao
xy.zhao
zhang.rong
rong.zhang
zhang.fan
fan.zhang
wang.jianping
jianping.wang
jp.wang
zhang.guizhi
guizhi.zhang
zhou.yong
yong.zhou
y.zhou
zhang.kun
kun.zhang
xu.wei
wei.xu
w.xu
wang.guihua
guihua.wang
gh.wang
liu.qin
qin.liu
zhou.jing
jing.zhou
xu.min
min.xu
m.xu
liu.tingting
tingting.liu
tt.liu
xu.jing
jing.xu
j.xu
yang.hong
hong.yang
wang.lu
lu.wang
zhang.shulan
shulan.zhang
sl.zhang
zhang.wen
wen.zhang
chen.guilan
guilan.chen
gl.chen
zhou.li
li.zhou
l.zhou
li.shuhua
shuhua.li
sh.li
chen.xin
xin.chen
ma.chao
chao.ma
c.ma
liu.jianguo
jianguo.liu
jg.liu
li.guihua
guihua.li
gh.li
wang.fenglan
fenglan.wang
fl.wang
li.shulan
shulan.li
sl.li
chen.xiuzhen
xiuzhen.chen
xz.chen
hangwei
maxiaoyun
lidexing
zhaolu
wanglulu
liululu
liuhuihui
caiwu
liyunlu
yunwei
kaifa
liuchaoyang
ceshizhanghao
cszh
kefu
lijiaxing
dhy
liuhanyang
lixuehu
zhangjiacheng
lijiacheng
wangjiacheng
hua
xiu
guo
xiao
yun
zhi
fang
rong
zhen
junf
jia
ling
mu
zi
wa
xiang
qing
shu
qiang
huang
sun
ma
zhu
hu
gao
luo
zheng
xie
tang
deng
cao
zeng
dong
pan
jiang
du
ye
lv
ding
shen
cui
liao
shi
fu
zou
xiong
bai
meng
qin
qiu
hou
yin
xue
duan
mao
hao
gu
gong
shao
dai
ou
kong
bchen
binchen
bingli
bingliu
bingwang
binli
binliu
binwang
binyang
binzhang
bli
bliu
bochen
boli
boliu
bowang
boyang
bozhang
bwang
byang
bzhang
changliu
chaochen
chaoli
chaoliu
chaoma
chaowang
chaoyang
chaozhang
chengwang
chenjun1
chenjun4
chunmeili
chunmeiwang
chunmeizhang
cliu
cma
cmli
cmwang
cmzhang
cwang
cyang
czhang
dandanli
dandanwang
danli
danliu
danwang
danzhang
ddli
ddwang
dli
dliu
dmli
dmwang
dongmeili
dongmeiwang
dongwang
dwang
dzhang
fangchen
fangliu
fangwang
fangyang
fangzhang
fanyang
fanzhang
fchen
feichen
feili
feiliu
feiwang
feizhang
fenggao
fenglanwang
fengliu
fengwang
fengyingli
fengyingliu
fengyingwang
fengyingzhang
fengzhang
fgao
fli
fliu
flwang
fwang
fyang
fyli
fyliu
fywang
fyzhang
fzhang
gangchen
gangli
gangliu
gangwang
gchen
gfli
gfwang
gfzhang
ghli
ghwang
glchen
gli
gliu
glli
glliu
glwang
glzhang
grli
grwang
grzhang
guifangli
guifangwang
guifangzhang
guihuali
guihuawang
guilanchen
guilanli
guilanliu
guilanwang
guilanzhang
guirongli
guirongwang
guirongzhang
guixiangli
guixiangwang
guiyingchen
guiyingli
guiyingliu
guiyingwang
guiyingyang
guiyingzhang
guizhenli
guizhenliu
guizhenwang
guizhenzhang
guizhili
guizhiwang
guizhizhang
gwang
gxli
gxwang
gychen
gyli
gyliu
gywang
gyyang
gyzhang
gzli
gzliu
gzwang
gzzhang
haiyanli
haiyanwang
haiyanzhang
haochen
haoli
haoliu
haowang
haozhang
hchen
hli
hliu
hmli
hmwang
hmzhang
hongchen
hongli
hongliu
hongmeili
hongmeiwang
hongmeizhang
hongwang
hongxiali
hongyang
hongzhang
huachen
huali
hualiu
huanliu
huanwang
huawang
huayang
huazhang
huichen
huili
huiliu
huiwang
huizhang
hwang
hxli
hyang
hyli
hywang
hyzhang
hzhang
jchen
jfwang
jgli
jgliu
jgwang
jgzhang
jhchen
jhli
jhliu
jhwang
jhzhang
jiali
jialiu
jianguoli
jianguoliu
jianguowang
jianguozhang
jianhuachen
jianhuali
jianhualiu
jianhuawang
jianhuazhang
jianjunli
jianjunliu
jianjunwang
jianjunzhang
jianpingwang
jianwang
jianzhang
jiechen
jieli
jieliu
jiewang
jieyang
jiezhang
jiezhou
jinfengwang
jingchen
jingli
jingliu
jingwang
jingxu
jingyang
jingzhang
jingzhao
jingzhou
jjli
jjliu
jjwang
jjzhang
jli
jliu
jpwang
juanchen
juanli
juanliu
juanwang
juanyang
juanzhang
junchen
junli
junliu
junwang
junyang
junzhang
junzhao
jwang
jxu
jyang
jzhang
jzhao
jzhou
kaili
kailiu
kaiwang
kaizhang
kli
kliu
kunwang
kunzhang
kwang
kzhang
lanyingli
lanyingwang
lanyingzhang
lchen
leiliu
leiwang
leiyang
leizhang
lhwang
lhzhang
liangwang
liangzhang
lihuawang
lihuazhang
lijianjun1
lijuanwang
lijuanzhang
lijun1
liliu
liliwang
lilizhang
lima
lingli
lingliu
lingwang
lingyang
lingzhang
linwang
linzhang
liujianjun1
liujun1
liujun4
lizhang
lizhou
ljwang
ljzhang
lliu
llwang
llzhang
lma
longchen
longli
longwang
longzhang
luwang
lwang
lyli
lywang
lyzhang
lzhang
lzhao
lzhou
mchen
meichen
meili
meiliu
meiwang
meiyang
meizhang
mhuang
minchen
mingchen
mingli
mingliu
mingwang
mingyang
mingzhang
minhuang
minli
minliu
minwang
minxu
minyang
minzhang
minzhao
minzhou
mliu
mwang
mxu
myang
mzhang
mzhao
mzhou
nali
naliu
nanzhang
nawang
nazhang
ningli
ningwang
ningzhang
nli
nliu
nwang
nzhang
pchen
pengchen
pengliu
pengwang
pengzhang
pingchen
pingli
pingliu
pingwang
pingyang
pingzhang
pli
pliu
pwang
pyang
pzhang
qchen
qiangchen
qiangli
qiangliu
qiangwang
qiangzhang
qianli
qianliu
qianwang
qianzhang
qinliu
qinwang
qinzhang
qli
qliu
qwang
qzhang
rli
rongli
rongwang
rongzhang
ruiwang
ruizhang
rwang
rzhang
shli
shuaili
shuailiu
shuaiwang
shuaizhang
shuhuali
shuhuawang
shulanli
shulanwang
shulanzhang
shuyingli
shuyingwang
shuyingzhang
shuzhenli
shuzhenwang
shuzhenzhang
shwang
sli
sliu
slli
slwang
slzhang
swang
syli
sywang
syzhang
szhang
szli
szwang
szzhang
taochen
taoliu
taowang
taoyang
taozhang
tchen
tingli
tingliu
tingtingli
tingtingliu
tingtingwang
tingtingzhang
tingwang
tingzhang
tli
tliu
ttli
ttliu
ttwang
ttzhang
twang
tyang
tzhang
wangjianjun1
wangjun1
wangjun4
wchen
weichen
weihuang
weiliu
weisun
weiwang
weixu
weiyang
weizhang
weizhao
weizhou
wenli
wenzhang
whuang
wliu
wsun
wwang
wzhang
wzhao
wzhou
xchen
xfli
xfwang
xfzhang
xhli
xhwang
xhzhang
xiachen
xiali
xialiu
xiangli
xiaohongli
xiawang
xiazhang
xinchen
xinli
xinliu
xinwang
xinzhang
xiufangli
xiufangwang
xiufangzhang
xiuhuali
xiuhuawang
xiuhuazhang
xiulanchen
xiulanli
xiulanliu
xiulanwang
xiulanyang
xiulanzhang
xiumeili
xiumeiwang
xiumeizhang
xiurongli
xiurongwang
xiurongzhang
xiuyingchen
xiuyinghuang
xiuyingli
xiuyingliu
xiuyingma
xiuyingsun
xiuyingwang
xiuyingwu
xiuyingyang
xiuyingzhang
xiuyingzhao
xiuyunli
xiuyunwang
xiuyunzhang
xiuzhenchen
xiuzhenli
xiuzhenwang
xiuzhenyang
xiuzhenzhang
xlchen
xli
xliu
xlli
xlliu
xlwang
xlyang
xlzhang
xmli
xmwang
xmzhang
xrli
xrwang
xrzhang
xuemeili
xuewang
xueyang
xuezhang
xuwang
xuzhang
xwang
xyang
xychen
xyhuang
xyli
xyliu
xyma
xysun
xywang
xywu
xyyang
xyzhang
xyzhao
xzchen
xzhang
xzli
xzwang
xzyang
xzzhang
yanchen
yangjun1
yangwang
yanli
yanliu
yanwang
yanyang
yanzhang
ychen
yhli
yhliu
yhuang
yhwang
yhzhang
yingchen
yingli
yingliu
yingwang
yingzhang
ylchen
ylli
ylliu
ylwang
ylzhang
ymli
ymliu
ymwang
ymzhang
yongchen
yonghuang
yongliu
yongwang
yongyang
yongzhang
yongzhao
yongzhou
yuhuali
yuhualiu
yuhuawang
yuhuazhang
yulanchen
yulanli
yulanliu
yulanwang
yulanzhang
yuliu
yumeili
yumeiliu
yumeiwang
yumeizhang
yunchen
yunli
yunliu
yunwang
yunzhang
yuwang
yuyingchen
yuyingli
yuyingliu
yuyingwang
yuyingzhang
yuzhang
yuzhenli
yuzhenliu
yuzhenwang
yuzhenzhang
ywang
yychen
yyli
yyliu
yywang
yyzhang
yzhang
yzhao
yzhou
yzli
yzliu
yzwang
yzzhang
zhangjianjun1
zhangjun1
zhangjun4
zhaojun1
zhiqiangli
zhiqiangwang
zhiqiangzhang
zqli
zqwang
zqzhang
zhang.wei
wei.zhang
w.zhang
wang.wei
wei.wang
w.wang
wang.fang
fang.wang
f.wang
li.wei
wei.li
w.li
li.na
na.li
n.li
zhang.min
min.zhang
m.zhang
li.jing
jing.li
j.li
wang.jing
jing.wang
j.wang
liu.wei
wei.liu
w.liu
wangxiuying   
wxy   
wang.xiuying   
xiuying   .wang
wangxy   
xy   .wang
zhang.li
li.zhang
l.zhang
lixiuying   
lxy   
li.xiuying   
xiuying   .li
lixy   
xy   .li
wang.li
li.wang
l.wang
zhang.jing
jing.zhang
j.zhang
zhangxiuying   
zxy   
zhang.xiuying   
xiuying   .zhang
zhangxy   
xy   .zhang
li.qiang
qiang.li
q.li
wang.min
min.wang
m.wang
li.min
min.li
m.li
wang.lei
lei.wang
liu.yang
yang.liu
y.liu
wang.yan
yan.wang
y.wang
wang.yong
yong.wang
li.jun
jun.li
zhang.yong
yong.zhang
y.zhang
li.jie
jie.li
zhang.jie
jie.zhang
zhang.lei
lei.zhang
wang.qiang
qiang.wang
q.wang
li.juan
juan.li
wang.jun
jun.wang
zhang.yan
yan.zhang
zhang.tao
tao.zhang
t.zhang
wang.tao
tao.wang
t.wang
li.yan
yan.li
y.li
wang.chao
chao.wang
c.wang
li.ming
ming.li
li.yong
yong.li
wang.juan
juan.wang
liu.jie
jie.liu
j.liu
liu.min
min.liu
m.liu
li.xia
xia.li
x.li
li.li
l.li
zhang.jun
jun.zhang
wang.jie
jie.wang
zhang.qiang
qiang.zhang
q.zhang
wang.xiulan
xiulan.wang
xl.wang
wang.gang
gang.wang
g.wang
wang.ping
ping.wang
p.wang
liu.fang
fang.liu
f.liu
liu.yan
yan.liu
liu.jun
jun.liu
li.ping
ping.li
p.li
wang.hui
hui.wang
h.wang
chen.jing
jing.chen
j.chen
liu.yong
yong.liu
li.ling
ling.li
li.guiying
guiying.li
gy.li
wang.dan
dan.wang
d.wang
li.gang
gang.li
g.li
li.dan
dan.li
d.li
wang.peng
peng.wang
liu.tao
tao.liu
t.liu
chen.wei
wei.chen
w.chen
zhang.hua
hua.zhang
h.zhang
liu.jing
jing.liu
li.tao
tao.li
t.li
idc
__super
_Cisco
-
,ba234
[MULTIPLE]
@=/@
@dsl_xilno
@HuaweiHgw
**23646
**266344
+-ccccc
<N
~anonymous
$chwarzepumpe
$secure$
$SRV
000000
00000000
0P3N
1.79
1001chin
10023
1064
111#
1111
11111
111111
1111111
111158
12.x
12121212
1234
12341234
123456
1234567
12345678
123456789
1234567890
1234admin
1234qwer
123qwe
1250
12871
1322222
14admin
1500
1502
166816
18140815
18364
192.168.1.1
192.168.1.1 60020
1988
19920706
1997
1999
1nstaller
1PTV-ADM1N
1q2w3e
1q2w3e4r
1RRWTTOOI
20080826
2010vsta
20150602
21241036
2222
22222
2222222
23646
240653C9467E45
2501
256256
2580
2601hx
266344
2800
3098z
31994
321
33
333
3333
33333
333333
3333333
3477
3500/24
362729
3ascotel
3comcso
3ep5w2u
3UJUh2VemEfUte
3ware
401!VEN
4321
456
4getme2
4tas
54321
5678
56789
5777364
589589
589721
5up
6.x
654321
696969
7654321
7ujMko0admin
7ujMko0root
7ujMko0vizxv
8111
840sw
8429
880175445
88888888
9300
9311
9999
99999999
权限
A.M.I
A>
A52896nG93096a
aaAdmin
aadbo
aammii
aaPower
aaUser
ABB800xA
abc
abc1234
acc
acer
ACTrapUser
Adam
adaptec
adb234
adip
ADLDEMO
admdark
admin_1
admin@(eyou)
admin@123
admin@company.com
admin@example.com
admin@h3c
Admin@huawei
admin@huawei.com
Admin@huawei.com
admin@mymifi
admin00
Admin1
admin1234
Admin5
adminadmin
adminer3100
adminer3200
adminer3260
adminHom
adminHW
Administrative
ADMINISTRATOR
adminlvjh
adminlvjh123
adminpldt
adminstat
admintelecom
admintrup
adminview
admn
ADONI
ADONIS
ADSL
adsl1234
ADSL1234
adsl831
adslnadam
adslolitec
adslroot
adtran
ADTRAN
Advance
AdvWebadmin
aerohive
AgileControllerDBA
AgileControllerMCDBA
ahetzip8
Airaya
AitbISP4eCiG
alfarome
alien
allot
aLLy
Alphanetworks
AM
AMI
AMI.KEY
AMI~
AMIDECOD
amipswd
ANDY
anicusc
anicust
anko
anni2013
annie2012
annie2013
annie2014
annie2015
annie2016
ANS#150
answer
antslq
any
any@
ANYCOM
AP
ap71
apache123
aPAf
aparker
aparker@geometrixx.info
APC
apcuser
api-admin
APPLSYSPUB
APPS_MRC
APPUSER
AQ
AQJAVA
aquario
ARAdmin
arbiter
ARIS9
arkeia
artica
articon
asante
Asante
ascend
Ascend
asd
asdfgh
asecret
asp
asterisk
asus
atc123
atc456
atlantis
attack
ATTadmin
AUDIOUSER
audit-admin
Audrey
AURORA@ORB@UNAUTHENTICATED
AURORA$JIS$UTILITY$
AURORA$ORB$UNAUTHENTICATED
avtech97
Award
AWARD SW
award_?
award_ps
AWARD_PW
AWARD_SW
AWARD?SW
award.sw
awind5885
awkward
ax400
azzakhalel
b120root
babbit
baby
Babylon
backdoor
backup1234
backupadmin
backuponly
backuprestore
backupssl
bad
badserver
bagabu
barricade
basisk
batman123
bayandsl
BC4J
bciimpw
bcimpw
bcmspw
bcnaspw
bcpb+serial#
benutzer
Best1_User
bewan
BGCVDSL2
Bhosda
bigdog
BIGO
Bill
billy-bob
bintec
BIOS
BIOSPASS
biosstar
biostar
bitch
Blaeri
blank
blender
bluepw
Bobo
bootstrap
bpel
BRIDGE
BRIO_ADMIN
broadmax
browsepw
bsxuser
bubba
buh
builtin
c
c@ntv2000
ca
cable-docsis
cac_admin
cacadmin
camaro
Camera
CAROLIAN
cascade
cat1029
cbs
cbs123
cciadmin
cellit
CENTRA
central
centreon
CenturyL1nk
changeme
changeme2
changemenow
changethis
Charlie
cheese
china123
chochete
Chongqing
cic
CICSUSER
CIDS
CIS
Cisco
CISCO15
CISINFO
citel
Clarissa
clearone
ClearOne
cmhealth
CMOSPWD
cms500
cn=orcladmin
CNAS
COadmin123
Coco
COGNOS
col1ma
Col2ogro2
colasoft
comcast
comcomcom
commonuser
Compaq
COMPIERE
computer
CONCAT
condo
CONDO
conexant
conferencing
Congress
connect
consul
controller
CONV
coolphoenix579
corecess
coremail
correct
cowboy
cowboys
CQSCHEMAUSER
Craft
craftpw
Craftr4
crftpw
Crowd
crowd-openid-server
crowd­-openid-­server
Crystal
CSG
CSMIG
ctb_admin
cunt
custpw
cxsdk
cyber
cyberaudit
cycl3R0cks!
cyg_server
cyouadmin
d.e.b.u.g
D13hh[
d1scovery
daddy
dadmin
dadmin01
Daewuu
danger
dareadsl
dasdec1
dasusr1
davox
Daytec
db_root
db_root_loacl
db_root_local
db2admin
db2fenc1
db2inst1
dbase
DBDCCICS
DBI
dbps
dcmadmin
ddosatic
def
default 
default.password
defug
Dell
Demo
DEMO9
Denny
DES
detmond
DEV2000_DEMOS
Developer
devicehaecived
digicel
DIP
DISC
DISCOVERER_ADMIN
distrib
djonet
dlanrecover
dmq
dmr99
dn_04rjc
DOCSIS_APP
dont need one
dos
dPZb4GJTu9
draadloos
dragon
draytek
Draytek
dream
dreambox
DSGATEWAY
DSL
DSSYS
DTA
dvr2580222
dvstation
e250
e250changeme
e500
e500changeme
e8ehome
e8telnet
EAdmin
eagle
easygbs
edimax
efmukl
egcr
EJSADMIN
elastic
emaq
Eminem
enablediag
End
End User
engineer
engmode
enquirypw
enter
epicrouter
epiq_api
Epuser
eqadmin
equalizer
estheralastruey
ESTOREUSER
ESubscriber
eudemon
Exabyte
EXAMPLES
EXFSYS
expert03
extendnet
eyou_admin
ezdvr
f00b@r
FaAmU5p2F~
Fact4EMC
factory
Factory
factorycast
factorycast@schneider
falcon
fam
fastwire
FB
fdrusers
fg_sysadmin
fidel123
Fireport
firstsite
fivranne
fliradmin
Flo
flower
FOOBAR
football
Football
FORCE
forensics
forgot
FORSE
founder88
free user
free4me
Free4Me
freesvr
friend
fritzfonbox
FROSTY
ftp_admi
ftp_inst
ftp_nmc
ftp_oper
ftp1234
ftpdownload
ftppwd
ftpvrpv8
fuckme
fwupgrade
g6PJ
gamez
ganteng
GDE
Geardog
Gearguy
gen1
gen2
gforge
ggdaseuaimhrke
Gin51mvf3
giraff
GL
glftpd
GlobalAdmin
GM818
GM8182
gniffe
god1
god2
grouter
gts
guacadmin
guardone
Guest
guest123
guestgue
GUESTGUEST
guru
gvt12345
h179350
h2014071
h3c 
h3cadmin
h3capadmin
h6BB
haasadm
habopen
hacked
hackme
hagpolm1
hawk201
hci
HCPARK
hdms
HELGA-S
hello
help1954
Helpdesk
HEWITT RAND
hewlpack
hg2x0
hi3518
highspeed
hikvision
HLT
HLW
ho4uku6at
Homepage Password
host
hp.com
HPDESK
HPOFFICE
HPP187
HPP189
HPP196
HPSupport
hqadmin
HR
hs7mwxkk
hsa
hsadb
hscroot
hslwificam
HTTP
huigu309
hunt5759
huston
Huston
hwac
hwacadmin
hwacshell
I2b2demodata
I2b2demodata2
I2b2hive
I2b2metadata
I2b2metadata2
I2b2workdata
I2b2workdata2
IBM
ibmdb2
IBMUSER
iceman
ich
iclock
ideploySftp
iDirect
idnsadmin
IEUser
ikwb
ilom-admin
ilom-operator
ilon
ImageFolio
IMAGEUSER
IMEDIA
imss7.0
in
indspw
inflection
infoblox
infrant1
initpw
insta
instrument
intel
Intel
intermec
internal
INTX3
INVALID
ioFTPD
ip20
ip3000
ip400
ipc71a
ipcam_rt5350
IPCam@sw
ironport
IS_
IS_$hostname
Is@dmin
isee
ITF3000
itsadmin
ivdev
iwill
iwkb
j09F
j256
j262
j322
j5Brn9
j64
jagadmin
jamfsoftware
janta
jasperadmin
jauntech
jdoe
jdoe@geometrixx.info
Jiocentrum
jj
JMUSER
Joe
joeuser
johnson
jsh
JsonName
juantech
jv
jvbzd
jvc
JVC
JWARD
kafka_common
kafka_external
kbro-TFM
KeyOperator
keyscan
khan
kilo1987
klv123
klv1234
kn1TG7psLu
kodi
kol
kont2004
ksdjfg934t
L2LDEMO
l3tm31n
ladmin
laflaf
lansweeperuser
lantronix
last
LBACSYS
lct
LDAP_Anonymous
leadsec.waf
leadsec32
leaves
LENEL
LessonUser1
LessonUser2
letacla
letmein
leviton
lexar
leyougw
LIBRARIAN
Liebert
lineprin
linga
linksys
live
lJwpbo6
lkw peter
lkwpeter
llatsni
LocalAdministrator
LocalComServer
LocalService
locatepw
LogAdmin
loguser
Lonnie
looker
LOTUS
LR-ISDN
LRISDN
lrkr0x
LSiuY7pOmZG2s
lucenttech1
lucenttech2
lucy99
luor
m
Mail
maint1
maint2
maintain
maintpw
Manager
managers
manjaro
Master
MASTER
masterkey
Mau'dib
maxadmin
maxreg
McdataSE
mcUser
MCUser
MCVEADMIN
MD110
MDaemon
MDDEMO
MDDEMO_CLERK
MDDEMO_MGR
mecktech
medion
meet
Meins
meinsm
memotec
Menara
mercury
Metallica
mg3500
MGWUSER
michelangelo
microbusiness
MIGRATE
MiniAP
minioadmin
Minnie
mint
mobile
Moe
mono
mother
motorola
mozart
MPE
mpegvideo
Mroot
MServer
msf
msfadmin
msfdev
MSHOME
mso
msoadmin
MTS_USER
MTSSYS
Multi
museadmin
musi1921
MXAGENT
mxintadm
my_DEMARC
myAppDBUser
myAppUser
mydlp
mysweex
n.a
nacos
nagiosxi
nasadmin
NAU
ncadmin
ncorrect
nCwMnJVGag
nE7jA%5m
NETBASE
netbotz
NetCache
NETFRAME
netgear1
NetICs
NetLinx
NetSeq
NetSurvibox
NetVCR
NeXT
NF
Nice-admin
nimdaten
nm2user
nmspw
nmt
NOC
nokai
nokia
none
None
nop
nosoup4u
noway
nqadmin
nquser
NS sip
NSA
nscd
nsfocus123
nsroot
ntacdmax
ntpupdate
NULL
OAS_PUBLIC
OCS
ODM
ODM_MTR
ods
ODS
ODSCOMMON
OE
oelinux123
OEMADM
OEMREP
often blank
OkiLAN
OLAPDBA
OLAPSVR
OLAPSYS
omm
OMWB_EMULATION
on
onexant
onlime_r
OO
Open5GS
openApiUser
openelec
openfiler
openhab
openhabian
OPENSPIRIT
Oper
OPER
OperateAdmin
OPERATIONS
Operator
OPNsense
ORACACHE
ORAREGSYS
ORASSO
orinoco
orion99
OSE$HTTP$ADMIN
osmc
OSP22
ossdbuser
ossuser
otbu+1
overseer
OWA
OWA_PUBLIC
OWNER
OxhlwSG8
P@55w0rd!
p@ssw0rd
p1nacate
pa55w0rd
PACSLinkIP
PANAMA
par0t
PASS
PASSW0RD
password
Password
PASSWORD
password1
password123
password123456789
password1234567890
passwordViking
passwort
PATROL
pbxk1064
pento
pepino
PERFSTAT
permit
phpreactor
pilou
pix
pixadmin
PlcmSpIp
pldtadmin
PLEX
PLMIMService
PlsChgMe
PLSQL
PM
pnadmin
PO7
politcally
politically
polkituser
Polrty
Polycom
porn
PORTAL30
PORTAL30_DEMO
PORTAL30_PUBLIC
PORTAL30_SSO
PORTAL30_SSO_PS
PORTAL30_SSO_PUBLIC
Posterie
powerapp
POWERCHUTE
praisenetwork
prash
primeos
private ReadWrite access
PRODCICS
PRODDTA
profense
PROG
prost
Protector
prtgadmin
pu
PUBLIC
public ReadOnly access
PUBSUB1
pukcab
pussy
Pvremote
pw
pwp
pwrchute
q
Q
Q54arwms
QCC
QDBA
QDI
qrst
QS
QS_ADM
QS_CB
QS_CBADM
QS_CS
QS_ES
QS_OS
QS_WS
QSECOFR
QSRV
QSRVBAS
quagga
questra
QUSER
qwe123
qweasdzx
qwerty
QwestM0dem
qxcomm1680
qxcomm1688
qxcommsupport
r@p8p0r+
R1QTPS
radius
radware
RAID
raidzone
rain
rapport
raritan
raspberry
rcustpw
rdc123
readdbuser
realtek
Recorder
recover
redips
redline
reecam4de
REGO
Remark
REMOTE
RemoteAdmin
remotessh
REP_MANAGER
REP_OWNER
REPADMIN
replication-receiver
Replicator
REPORTS_USER
resolv.blyat.pw
restoreonly
resumix
rfmngr
RIP000
ripeop
RM
rmnetlm
RNIServiceManager
ROBELLE
rodopi
Rodopi
roo
ROO
root 
root@localhost
Root1
root101
root123
ROOT500
rootme
rootTP-link
rpitc
RSX
runtop10
rwmaint
s1stem
S2fGqNFs
SA
safetybase
sandbox
sangfor@2018
sangfor@2019
sansforensics
SAP
SAPR3
savelogs
scmchangeme
Scott
scout
SDOS_ICSAP
sec00000
SECONDARY
secret
secure
SECURITY
Security Code
sedacm
seiko2005
self
SENTINEL
SER
serial#
sertafu
Serv4EMC
Service
SERVICE
SERVICECONSUMER1
SESAME
setpriv
setup/snmp
sexy
sftpuser
SH
Sharp
sip
sitecom
sitecom46
SITEMINDER
SKY_FOX
SL
SLIDE
slipknot
smallbusiness
SMC
smcadmin
smcadminsysadm
SMDR
smile
SMSAdmin
sncuser
snmp
snmp-Trap
SNMPWrite
SnuFG5
sobey
software01
soli
solokey
sonos
sp-admin
sp99dd
Spacve
sparky
specialist
speedxess
spiderman
SpIp
spooml
sq!us3r
sresurdf
SSA
ssadmin
ssp
STARTER
starwars
statd
STRAT_USER
stratacom
stratauser
stuccoboy
su@psir
sudo
Super
SUPER
super.super
supermen
superonline
SuperUser
SUPERUSER
SUPPORT
support123
supportpw
surecom
surt
suse-ncc
SW_AWARD
sweex
swift
switch
SWITCHES_SW
SWMaster
SWPRO
swsbzkgn
SWUSER
SWVisitor
Sxyz
symantec
symbol
Symbol
SYMPA
synnet
sys123
SYSA
sysAdmin
SYSADMIN
sysdba
sysdiag
sysmanager888
system/manager
sysuseradmin
szhw
SZIM
SZYX
t0ch20x
t0ch88
t0talc0ntr0l4!
t1789
t3admin
TAHITI
talent
TANDBERG
target
tasman
Tasman
tatercounter2000
taZz@23495859
TCH
TDOS_ICSAP
tel
telco
telecom
Telecom
telecomadmin
telent
TELESUP
Telkomdso123
tellabs
tellabs#1
telnetadmin
telnetpwd
telos
telus00
TENmanUFactOryPOWER
Test
TEST
Test Everything
TESTPILOT
testRadiusConnection
teX1
theman
tiabuena
tiaranet
Tiger
tiger123
timely
Tiny
tivonpw
TJM
tl789
tlah
tlJwpbo6
TMAR#HWMT8007079
TMSADM
TOAD
topadmin
toplayer
Toshiba
toshy99
touchpwd=
TPlusDBAdmin
TPSLocalServer
tracell
TRACESVR
trade
trancell
TRAVEL
Trintech
trmcnfg
trocse
true
truetime
trustno1
tsgoingon
tslinux
tsmm_login
tsmp_login
tsmw_login
tsunami
ttnet
TTPTHA
TURBINE
tuxalize
twe8ehome
twns
Type User: FORCE
UAMIS_
ubnt
ucdpadmin
ucenik23
uClinux
UI-PSWD-01
UI-PSWD-02
ULTIMATE
UNITY_
unknown
UOMNI_
uplink
Uq-4GIt3M
urchin
USER
user_analyst
user_approver
user_author
user_checker
user_designer
user_editor
user_expert
user_marketer
user_pricer
user_publisher
USERID
Username
userNotUsed
USERUSER
usg3000
usg50
usuario
UTLBSTATU
utstar
UVPIM_
uwmadmin
vcr
VCSRV
venus.audit
venus.fw
venus.user
venus60
venus70
vertex25
vertex25ektks123
VESOFT
vgnadmin
video
VIDEOUSER
viewuser
VIF_DEVELOPER
VIRUSER
vision2
visual
vizxv
vmware123
voadmin
vodafone
VOL-0215
volition
vpasp
vstarcam2015
w0rkplac3rul3s
w2402
wago
wampp
wasadmin
wbox
wbox123
web_api
Web@0063
WEBADM
WebBoard
WEBCAL01
WEBDB
webgb
webibm
WEBLOGIC
WEBREAD
websecadm
webserver
webshield
welcome
whd
whore
Win1doW$
WinCCAdmin
WinCCConnect
winterm
Wireless
WKSYS
wlcsystem
wlpisystem
wlse
wlsedb
wlsepassword
wlseuser
wodj
WONDERLAND
WOOD
WORD
Wproot
wrgg15_di524
wVQxyQec
wwAdmin
wwdbo
wwPower
wwUser
WWW
www2
wwwrun
wwws
WWWUSER
wyse
x-admin
x40rocks
xad#12
xadmin
xampp
xbox
xc3511
xd
xdfk9874t3
XLSERVER
xmhdipc
xmhdpic
xmi_demo
xo11nE
XPRT
XXSESS_MGRYY
xxyyzz
xyzall
xyzzy
Yak
year2000
yellow
YES
ZAAADA
zbaaaca
zeosx
ZfTljublsx
zhongxing
zjaaadc
zlxx.
ZmqVfoSIP
Zntslq
zoomadsl
zsun1188
Zte521
zte9x15
ZXDSL
zyad1234
zyad5001
zyfwp
idcadmin
sys01
sys02
sys1
sys2
system1
system2
user01